glycan_class,comparison,metric,n_sites,median,ci95_low,ci95_high
complex,glycoshield_vs_glycoshape,masked_residue_jaccard,8,0.3614081996434938,0.275,0.4821428571428571
complex,reference_vs_glycoshape,masked_residue_jaccard,8,0.5683229813664596,0.4782608695652174,0.7083333333333334
complex,reference_vs_glycoshield,masked_residue_jaccard,8,0.2512544802867383,0.1857142857142857,0.391304347826087
high_mannose,glycoshield_vs_glycoshape,masked_residue_jaccard,7,0.3620689655172414,0.2916666666666667,0.4545454545454545
high_mannose,reference_vs_glycoshape,masked_residue_jaccard,7,0.7619047619047619,0.6,0.8
high_mannose,reference_vs_glycoshield,masked_residue_jaccard,7,0.2982456140350877,0.2184873949579832,0.391304347826087
paucimannose,glycoshield_vs_glycoshape,masked_residue_jaccard,6,0.3007518796992481,0.2295454545454545,0.4574712643678161
paucimannose,reference_vs_glycoshape,masked_residue_jaccard,6,0.6470588235294118,0.4722222222222222,0.8020833333333333
paucimannose,reference_vs_glycoshield,masked_residue_jaccard,6,0.24139844617092115,0.1411960132890365,0.43666666666666665
