pdb_id,site,analysis_group,analysis_note,manifest_status,glycan_class,glycan_name,glytoucan,use_for_alignment,use_for_triple_benchmark,use_for_glycoshield_secondary,reference_n_residues,glycoshield_n_residues,glycoshape_n_residues,glycoshield_n_models,glycoshape_n_models,qc_note,reference_glyco_pdb,reference_apo_pdb,reference_glycan_pdb,glycoshield_glycan_ensemble_pdb,glycoshape_glycan_ensemble_pdb,glycoshape_stats_csv,glycoshape_job_meta_json
1BHG,ASN173_A,reference_glycoshield_secondary,reference and GlycoShield are available,shield_only,high_mannose,Man7,,True,False,True,9,9,,30,,,/home/etudiant/Documents/M2BI/projet_long_2.0/structures/final_set_23/1bhg.pdb,/home/etudiant/Documents/M2BI/projet_long_2.0/structures/final_set_23/deglycosylated/1bhg_protein_only.pdb,results/1BHG/reference/ASN173_A/glycan.pdb,results/1BHG/glycoshield/ASN173_A/glycan_ensemble.pdb,,,
1BHG,ASN173_B,reference_glycoshield_secondary,reference and GlycoShield are available,shield_only,high_mannose,Man7,,True,False,True,9,9,,30,,,/home/etudiant/Documents/M2BI/projet_long_2.0/structures/final_set_23/1bhg.pdb,/home/etudiant/Documents/M2BI/projet_long_2.0/structures/final_set_23/deglycosylated/1bhg_protein_only.pdb,results/1BHG/reference/ASN173_B/glycan.pdb,results/1BHG/glycoshield/ASN173_B/glycan_ensemble.pdb,,,
1OYH,ASN192_L,triple_core,"reference, GlycoShield and GlycoShape are available",triple,paucimannose,M3,G00026MO,True,True,False,5,5,5,30,30,,/home/etudiant/Documents/M2BI/projet_long_2.0/structures/final_set_23/1oyh.pdb,/home/etudiant/Documents/M2BI/projet_long_2.0/structures/final_set_23/deglycosylated/1oyh_protein_only.pdb,results/1OYH/reference/ASN192_L/glycan.pdb,results/1OYH/glycoshield/ASN192_L/glycan_ensemble.pdb,results/1OYH/glycoshape/ASN192_L/glycan_ensemble.pdb,/home/etudiant/Documents/M2BI/projet_long_2.0/Glycoshape_reglyco/output_glycoshape/1OYH_G00026MO_GlycoShape_Job_bd763090/ensemble_stats.csv,/home/etudiant/Documents/M2BI/projet_long_2.0/Glycoshape_reglyco/output_glycoshape/1OYH_G00026MO_GlycoShape_Job_bd763090/job_meta.json
2J1G,ASN215_B,triple_core,"reference, GlycoShield and GlycoShape are available",triple,paucimannose,M2F_a6,G47829CW,True,True,False,5,5,5,30,30,,/home/etudiant/Documents/M2BI/projet_long_2.0/structures/final_set_23/2j1g.pdb,/home/etudiant/Documents/M2BI/projet_long_2.0/structures/final_set_23/deglycosylated/2j1g_protein_only.pdb,results/2J1G/reference/ASN215_B/glycan.pdb,results/2J1G/glycoshield/ASN215_B/glycan_ensemble.pdb,results/2J1G/glycoshape/ASN215_B/glycan_ensemble.pdb,/home/etudiant/Documents/M2BI/projet_long_2.0/Glycoshape_reglyco/output_glycoshape/2J1G_G47829CW_GlycoShape_Job_20998f27/ensemble_stats.csv,/home/etudiant/Documents/M2BI/projet_long_2.0/Glycoshape_reglyco/output_glycoshape/2J1G_G47829CW_GlycoShape_Job_20998f27/job_meta.json
2PE4,ASN350_A,triple_core,"reference, GlycoShield and GlycoShape are available",triple,paucimannose,M4_a3,G41510DX,True,True,False,6,6,6,30,30,,/home/etudiant/Documents/M2BI/projet_long_2.0/structures/final_set_23/2pe4.pdb,/home/etudiant/Documents/M2BI/projet_long_2.0/structures/final_set_23/deglycosylated/2pe4_protein_only.pdb,results/2PE4/reference/ASN350_A/glycan.pdb,results/2PE4/glycoshield/ASN350_A/glycan_ensemble.pdb,results/2PE4/glycoshape/ASN350_A/glycan_ensemble.pdb,/home/etudiant/Documents/M2BI/projet_long_2.0/Glycoshape_reglyco/output_glycoshape/2PE4_G41510DX_GlycoShape_Job_a25679ea/ensemble_stats.csv,/home/etudiant/Documents/M2BI/projet_long_2.0/Glycoshape_reglyco/output_glycoshape/2PE4_G41510DX_GlycoShape_Job_a25679ea/job_meta.json
2QL1,ASN297_A,triple_core,"reference, GlycoShield and GlycoShape are available",triple,complex,FA2G1,G70059SD,True,True,False,9,9,9,30,30,,/home/etudiant/Documents/M2BI/projet_long_2.0/structures/final_set_23/2ql1.pdb,/home/etudiant/Documents/M2BI/projet_long_2.0/structures/final_set_23/deglycosylated/2ql1_protein_only.pdb,results/2QL1/reference/ASN297_A/glycan.pdb,results/2QL1/glycoshield/ASN297_A/glycan_ensemble.pdb,results/2QL1/glycoshape/ASN297_A/glycan_ensemble.pdb,/home/etudiant/Documents/M2BI/projet_long_2.0/Glycoshape_reglyco/output_glycoshape/2QL1_G70059SD_GlycoShape_Job_ce0867bf/ensemble_stats.csv,/home/etudiant/Documents/M2BI/projet_long_2.0/Glycoshape_reglyco/output_glycoshape/2QL1_G70059SD_GlycoShape_Job_ce0867bf/job_meta.json
2QWB,ASN200_A,triple_core,"reference, GlycoShield and GlycoShape are available",triple,high_mannose,Man5,G53401FX,True,True,False,7,7,7,30,30,,/home/etudiant/Documents/M2BI/projet_long_2.0/structures/final_set_23/2qwb.pdb,/home/etudiant/Documents/M2BI/projet_long_2.0/structures/final_set_23/deglycosylated/2qwb_protein_only.pdb,results/2QWB/reference/ASN200_A/glycan.pdb,results/2QWB/glycoshield/ASN200_A/glycan_ensemble.pdb,results/2QWB/glycoshape/ASN200_A/glycan_ensemble.pdb,/home/etudiant/Documents/M2BI/projet_long_2.0/Glycoshape_reglyco/output_glycoshape/2QWB_G53401FX_GlycoShape_Job_5628a3ae/ensemble_stats.csv,/home/etudiant/Documents/M2BI/projet_long_2.0/Glycoshape_reglyco/output_glycoshape/2QWB_G53401FX_GlycoShape_Job_5628a3ae/job_meta.json
3AVE,ASN297_A,triple_core,"reference, GlycoShield and GlycoShape are available",triple,complex,NGA2F,G89637WE,True,True,False,8,8,8,30,30,,/home/etudiant/Documents/M2BI/projet_long_2.0/structures/final_set_23/3ave.pdb,/home/etudiant/Documents/M2BI/projet_long_2.0/structures/final_set_23/deglycosylated/3ave_protein_only.pdb,results/3AVE/reference/ASN297_A/glycan.pdb,results/3AVE/glycoshield/ASN297_A/glycan_ensemble.pdb,results/3AVE/glycoshape/ASN297_A/glycan_ensemble.pdb,/home/etudiant/Documents/M2BI/projet_long_2.0/Glycoshape_reglyco/output_glycoshape/3AVE_G89637WE_GlycoShape_Job_308a5943/ensemble_stats.csv,/home/etudiant/Documents/M2BI/projet_long_2.0/Glycoshape_reglyco/output_glycoshape/3AVE_G89637WE_GlycoShape_Job_308a5943/job_meta.json
3AVE,ASN297_B,triple_core,"reference, GlycoShield and GlycoShape are available",triple,complex,NGA2F,G89637WE,True,True,False,8,8,8,30,30,,/home/etudiant/Documents/M2BI/projet_long_2.0/structures/final_set_23/3ave.pdb,/home/etudiant/Documents/M2BI/projet_long_2.0/structures/final_set_23/deglycosylated/3ave_protein_only.pdb,results/3AVE/reference/ASN297_B/glycan.pdb,results/3AVE/glycoshield/ASN297_B/glycan_ensemble.pdb,results/3AVE/glycoshape/ASN297_B/glycan_ensemble.pdb,/home/etudiant/Documents/M2BI/projet_long_2.0/Glycoshape_reglyco/output_glycoshape/3AVE_G89637WE_GlycoShape_Job_308a5943/ensemble_stats.csv,/home/etudiant/Documents/M2BI/projet_long_2.0/Glycoshape_reglyco/output_glycoshape/3AVE_G89637WE_GlycoShape_Job_308a5943/job_meta.json
3AYA,THR251_A,excluded,site marked as excluded in dataset.yaml,exclu,o_glycan,O-Core1,,False,False,False,,,,,,,,,,,,,
3AYA,THR251_B,excluded,site marked as excluded in dataset.yaml,exclu,o_glycan,O-Core1,,False,False,False,,,,,,,,,,,,,
3DGC,ASN172_R,triple_core,"reference, GlycoShield and GlycoShape are available",triple,paucimannose,M2F_a6,G47829CW,True,True,False,5,5,5,30,30,,/home/etudiant/Documents/M2BI/projet_long_2.0/structures/final_set_23/3dgc.pdb,/home/etudiant/Documents/M2BI/projet_long_2.0/structures/final_set_23/deglycosylated/3dgc_protein_only.pdb,results/3DGC/reference/ASN172_R/glycan.pdb,results/3DGC/glycoshield/ASN172_R/glycan_ensemble.pdb,results/3DGC/glycoshape/ASN172_R/glycan_ensemble.pdb,/home/etudiant/Documents/M2BI/projet_long_2.0/Glycoshape_reglyco/output_glycoshape/3DGC_G47829CW_GlycoShape_Job_d21485bb/ensemble_stats.csv,/home/etudiant/Documents/M2BI/projet_long_2.0/Glycoshape_reglyco/output_glycoshape/3DGC_G47829CW_GlycoShape_Job_d21485bb/job_meta.json
3WSR,THR52_C,reference_glycoshield_secondary,reference and GlycoShield are available,shield_only,o_glycan,O-3Sialyl_Core1,,True,False,True,3,3,,30,,,/home/etudiant/Documents/M2BI/projet_long_2.0/structures/final_set_23/3wsr.pdb,/home/etudiant/Documents/M2BI/projet_long_2.0/structures/final_set_23/deglycosylated/3wsr_protein_only.pdb,results/3WSR/reference/THR52_C/glycan.pdb,results/3WSR/glycoshield/THR52_C/glycan_ensemble.pdb,,,
3WSR,THR52_D,reference_glycoshield_secondary,reference and GlycoShield are available,shield_only,o_glycan,O-3Sialyl_Core1,,True,False,True,3,3,,30,,,/home/etudiant/Documents/M2BI/projet_long_2.0/structures/final_set_23/3wsr.pdb,/home/etudiant/Documents/M2BI/projet_long_2.0/structures/final_set_23/deglycosylated/3wsr_protein_only.pdb,results/3WSR/reference/THR52_D/glycan.pdb,results/3WSR/glycoshield/THR52_D/glycan_ensemble.pdb,,,
3WV0,THR53_X,reference_glycoshield_secondary,reference and GlycoShield are available,shield_only,o_glycan,Sialyl-Tn_Antigen,,True,False,True,2,2,,30,,,/home/etudiant/Documents/M2BI/projet_long_2.0/structures/final_set_23/3wv0.pdb,/home/etudiant/Documents/M2BI/projet_long_2.0/structures/final_set_23/deglycosylated/3wv0_protein_only.pdb,results/3WV0/reference/THR53_X/glycan.pdb,results/3WV0/glycoshield/THR53_X/glycan_ensemble.pdb,,,
3WV0,THR53_Y,reference_glycoshield_secondary,reference and GlycoShield are available,shield_only,o_glycan,Sialyl-Tn_Antigen,,True,False,True,2,2,,30,,,/home/etudiant/Documents/M2BI/projet_long_2.0/structures/final_set_23/3wv0.pdb,/home/etudiant/Documents/M2BI/projet_long_2.0/structures/final_set_23/deglycosylated/3wv0_protein_only.pdb,results/3WV0/reference/THR53_Y/glycan.pdb,results/3WV0/glycoshield/THR53_Y/glycan_ensemble.pdb,,,
4B7I,ASN297_A,triple_core,"reference, GlycoShield and GlycoShape are available",triple,high_mannose,Man5_Fuc1,G26629TM,True,True,False,8,8,8,30,30,,/home/etudiant/Documents/M2BI/projet_long_2.0/structures/final_set_23/4b7i.pdb,/home/etudiant/Documents/M2BI/projet_long_2.0/structures/final_set_23/deglycosylated/4b7i_protein_only.pdb,results/4B7I/reference/ASN297_A/glycan.pdb,results/4B7I/glycoshield/ASN297_A/glycan_ensemble.pdb,results/4B7I/glycoshape/ASN297_A/glycan_ensemble.pdb,/home/etudiant/Documents/M2BI/projet_long_2.0/Glycoshape_reglyco/output_glycoshape/4B7I_G26629TM_GlycoShape_Job_919c4180/ensemble_stats.csv,/home/etudiant/Documents/M2BI/projet_long_2.0/Glycoshape_reglyco/output_glycoshape/4B7I_G26629TM_GlycoShape_Job_919c4180/job_meta.json
4C54,ASN297_A,triple_core,"reference, GlycoShield and GlycoShape are available",triple,complex,NGA2F,G89637WE,True,True,False,8,8,8,30,30,,/home/etudiant/Documents/M2BI/projet_long_2.0/structures/final_set_23/4c54.pdb,/home/etudiant/Documents/M2BI/projet_long_2.0/structures/final_set_23/deglycosylated/4c54_protein_only.pdb,results/4C54/reference/ASN297_A/glycan.pdb,results/4C54/glycoshield/ASN297_A/glycan_ensemble.pdb,results/4C54/glycoshape/ASN297_A/glycan_ensemble.pdb,/home/etudiant/Documents/M2BI/projet_long_2.0/Glycoshape_reglyco/output_glycoshape/4C54_G89637WE_GlycoShape_Job_d8656305/ensemble_stats.csv,/home/etudiant/Documents/M2BI/projet_long_2.0/Glycoshape_reglyco/output_glycoshape/4C54_G89637WE_GlycoShape_Job_d8656305/job_meta.json
4C54,ASN297_B,triple_core,"reference, GlycoShield and GlycoShape are available",triple,complex,NGA2F,G89637WE,True,True,False,8,8,8,30,30,,/home/etudiant/Documents/M2BI/projet_long_2.0/structures/final_set_23/4c54.pdb,/home/etudiant/Documents/M2BI/projet_long_2.0/structures/final_set_23/deglycosylated/4c54_protein_only.pdb,results/4C54/reference/ASN297_B/glycan.pdb,results/4C54/glycoshield/ASN297_B/glycan_ensemble.pdb,results/4C54/glycoshape/ASN297_B/glycan_ensemble.pdb,/home/etudiant/Documents/M2BI/projet_long_2.0/Glycoshape_reglyco/output_glycoshape/4C54_G89637WE_GlycoShape_Job_d8656305/ensemble_stats.csv,/home/etudiant/Documents/M2BI/projet_long_2.0/Glycoshape_reglyco/output_glycoshape/4C54_G89637WE_GlycoShape_Job_d8656305/job_meta.json
5A58,SER2435_A,excluded,site marked as excluded in dataset.yaml,exclu,o_glycan,O-Core1,,False,False,False,,,,,,,,,,,,,
5IW3,ASN320_A,triple_core,"reference, GlycoShield and GlycoShape are available",triple,complex,A2G1,G86102WJ,True,True,False,8,8,8,30,30,,/home/etudiant/Documents/M2BI/projet_long_2.0/structures/final_set_23/5iw3.pdb,/home/etudiant/Documents/M2BI/projet_long_2.0/structures/final_set_23/deglycosylated/5iw3_protein_only.pdb,results/5IW3/reference/ASN320_A/glycan.pdb,results/5IW3/glycoshield/ASN320_A/glycan_ensemble.pdb,results/5IW3/glycoshape/ASN320_A/glycan_ensemble.pdb,/home/etudiant/Documents/M2BI/projet_long_2.0/Glycoshape_reglyco/output_glycoshape/5IW3_G86102WJ_GlycoShape_Job_2e9dc836/ensemble_stats.csv,/home/etudiant/Documents/M2BI/projet_long_2.0/Glycoshape_reglyco/output_glycoshape/5IW3_G86102WJ_GlycoShape_Job_2e9dc836/job_meta.json
5L2J,ASN57_A,triple_core,"reference, GlycoShield and GlycoShape are available",triple,paucimannose,M3F2,G63699VG,True,True,False,7,7,7,30,30,,/home/etudiant/Documents/M2BI/projet_long_2.0/structures/final_set_23/5l2j.pdb,/home/etudiant/Documents/M2BI/projet_long_2.0/structures/final_set_23/deglycosylated/5l2j_protein_only.pdb,results/5L2J/reference/ASN57_A/glycan.pdb,results/5L2J/glycoshield/ASN57_A/glycan_ensemble.pdb,results/5L2J/glycoshape/ASN57_A/glycan_ensemble.pdb,/home/etudiant/Documents/M2BI/projet_long_2.0/Glycoshape_reglyco/output_glycoshape/5L2J_G63699VG_GlycoShape_Job_9e678527/ensemble_stats.csv,/home/etudiant/Documents/M2BI/projet_long_2.0/Glycoshape_reglyco/output_glycoshape/5L2J_G63699VG_GlycoShape_Job_9e678527/job_meta.json
5XWD,ASN328_A,triple_core,"reference, GlycoShield and GlycoShape are available",triple,complex,NGA2,G84678BK,True,True,False,7,7,7,30,30,,/home/etudiant/Documents/M2BI/projet_long_2.0/structures/final_set_23/5xwd.pdb,/home/etudiant/Documents/M2BI/projet_long_2.0/structures/final_set_23/deglycosylated/5xwd_protein_only.pdb,results/5XWD/reference/ASN328_A/glycan.pdb,results/5XWD/glycoshield/ASN328_A/glycan_ensemble.pdb,results/5XWD/glycoshape/ASN328_A/glycan_ensemble.pdb,/home/etudiant/Documents/M2BI/projet_long_2.0/Glycoshape_reglyco/output_glycoshape/5XWD_G84678BK_GlycoShape_Job_76ccdd8e/ensemble_stats.csv,/home/etudiant/Documents/M2BI/projet_long_2.0/Glycoshape_reglyco/output_glycoshape/5XWD_G84678BK_GlycoShape_Job_76ccdd8e/job_meta.json
6CMG,ASN529_A,triple_core,"reference, GlycoShield and GlycoShape are available",triple,paucimannose,M2F2,G01111PL,True,True,False,6,6,6,30,30,,/home/etudiant/Documents/M2BI/projet_long_2.0/structures/final_set_23/6cmg.pdb,/home/etudiant/Documents/M2BI/projet_long_2.0/structures/final_set_23/deglycosylated/6cmg_protein_only.pdb,results/6CMG/reference/ASN529_A/glycan.pdb,results/6CMG/glycoshield/ASN529_A/glycan_ensemble.pdb,results/6CMG/glycoshape/ASN529_A/glycan_ensemble.pdb,/home/etudiant/Documents/M2BI/projet_long_2.0/Glycoshape_reglyco/output_glycoshape/6CMG_G01111PL_GlycoShape_Job_6d371a60/ensemble_stats.csv,/home/etudiant/Documents/M2BI/projet_long_2.0/Glycoshape_reglyco/output_glycoshape/6CMG_G01111PL_GlycoShape_Job_6d371a60/job_meta.json
6F9T,ASN109_A,triple_core,"reference, GlycoShield and GlycoShape are available",triple,complex,NGA2F,G89637WE,True,True,False,8,8,8,30,30,,/home/etudiant/Documents/M2BI/projet_long_2.0/structures/final_set_23/6f9t.pdb,/home/etudiant/Documents/M2BI/projet_long_2.0/structures/final_set_23/deglycosylated/6f9t_protein_only.pdb,results/6F9T/reference/ASN109_A/glycan.pdb,results/6F9T/glycoshield/ASN109_A/glycan_ensemble.pdb,results/6F9T/glycoshape/ASN109_A/glycan_ensemble.pdb,/home/etudiant/Documents/M2BI/projet_long_2.0/Glycoshape_reglyco/output_glycoshape/6F9T_G89637WE_GlycoShape_Job_ca79a579/ensemble_stats.csv,/home/etudiant/Documents/M2BI/projet_long_2.0/Glycoshape_reglyco/output_glycoshape/6F9T_G89637WE_GlycoShape_Job_ca79a579/job_meta.json
6FB3,ASN2365_A,triple_core,"reference, GlycoShield and GlycoShape are available",triple,high_mannose,Man6,G13113SB,True,True,False,8,8,8,30,30,,/home/etudiant/Documents/M2BI/projet_long_2.0/structures/final_set_23/6fb3.pdb,/home/etudiant/Documents/M2BI/projet_long_2.0/structures/final_set_23/deglycosylated/6fb3_protein_only.pdb,results/6FB3/reference/ASN2365_A/glycan.pdb,results/6FB3/glycoshield/ASN2365_A/glycan_ensemble.pdb,results/6FB3/glycoshape/ASN2365_A/glycan_ensemble.pdb,/home/etudiant/Documents/M2BI/projet_long_2.0/Glycoshape_reglyco/output_glycoshape/6FB3_G13113SB_GlycoShape_Job_e3767dce/ensemble_stats.csv,/home/etudiant/Documents/M2BI/projet_long_2.0/Glycoshape_reglyco/output_glycoshape/6FB3_G13113SB_GlycoShape_Job_e3767dce/job_meta.json
6FB3,ASN2365_B,triple_core,"reference, GlycoShield and GlycoShape are available",triple,high_mannose,Man6,G13113SB,True,True,False,8,8,8,30,30,,/home/etudiant/Documents/M2BI/projet_long_2.0/structures/final_set_23/6fb3.pdb,/home/etudiant/Documents/M2BI/projet_long_2.0/structures/final_set_23/deglycosylated/6fb3_protein_only.pdb,results/6FB3/reference/ASN2365_B/glycan.pdb,results/6FB3/glycoshield/ASN2365_B/glycan_ensemble.pdb,results/6FB3/glycoshape/ASN2365_B/glycan_ensemble.pdb,/home/etudiant/Documents/M2BI/projet_long_2.0/Glycoshape_reglyco/output_glycoshape/6FB3_G13113SB_GlycoShape_Job_e3767dce/ensemble_stats.csv,/home/etudiant/Documents/M2BI/projet_long_2.0/Glycoshape_reglyco/output_glycoshape/6FB3_G13113SB_GlycoShape_Job_e3767dce/job_meta.json
6FB3,ASN2365_C,triple_core,"reference, GlycoShield and GlycoShape are available",triple,high_mannose,Man6,G13113SB,True,True,False,8,8,8,30,30,,/home/etudiant/Documents/M2BI/projet_long_2.0/structures/final_set_23/6fb3.pdb,/home/etudiant/Documents/M2BI/projet_long_2.0/structures/final_set_23/deglycosylated/6fb3_protein_only.pdb,results/6FB3/reference/ASN2365_C/glycan.pdb,results/6FB3/glycoshield/ASN2365_C/glycan_ensemble.pdb,results/6FB3/glycoshape/ASN2365_C/glycan_ensemble.pdb,/home/etudiant/Documents/M2BI/projet_long_2.0/Glycoshape_reglyco/output_glycoshape/6FB3_G13113SB_GlycoShape_Job_e3767dce/ensemble_stats.csv,/home/etudiant/Documents/M2BI/projet_long_2.0/Glycoshape_reglyco/output_glycoshape/6FB3_G13113SB_GlycoShape_Job_e3767dce/job_meta.json
6FB3,ASN2365_D,triple_core,"reference, GlycoShield and GlycoShape are available",triple,high_mannose,Man6,G13113SB,True,True,False,8,8,8,30,30,,/home/etudiant/Documents/M2BI/projet_long_2.0/structures/final_set_23/6fb3.pdb,/home/etudiant/Documents/M2BI/projet_long_2.0/structures/final_set_23/deglycosylated/6fb3_protein_only.pdb,results/6FB3/reference/ASN2365_D/glycan.pdb,results/6FB3/glycoshield/ASN2365_D/glycan_ensemble.pdb,results/6FB3/glycoshape/ASN2365_D/glycan_ensemble.pdb,/home/etudiant/Documents/M2BI/projet_long_2.0/Glycoshape_reglyco/output_glycoshape/6FB3_G13113SB_GlycoShape_Job_e3767dce/ensemble_stats.csv,/home/etudiant/Documents/M2BI/projet_long_2.0/Glycoshape_reglyco/output_glycoshape/6FB3_G13113SB_GlycoShape_Job_e3767dce/job_meta.json
6WXU,ASN109_B,reference_only,only the experimental reference is available,shield_only,high_mannose,Man9,,False,False,False,11,,,,,GlycoShield missing,/home/etudiant/Documents/M2BI/projet_long_2.0/structures/final_set_23/6wxu.pdb,/home/etudiant/Documents/M2BI/projet_long_2.0/structures/final_set_23/deglycosylated/6wxu_protein_only.pdb,results/6WXU/reference/ASN109_B/glycan.pdb,,,,
6WXU,ASN109_D,reference_glycoshield_needs_review,GlycoShield is available but QC is fragile,shield_only,high_mannose,Man9,,False,False,False,11,8,,1,,GlycoShield has only 1 model,/home/etudiant/Documents/M2BI/projet_long_2.0/structures/final_set_23/6wxu.pdb,/home/etudiant/Documents/M2BI/projet_long_2.0/structures/final_set_23/deglycosylated/6wxu_protein_only.pdb,results/6WXU/reference/ASN109_D/glycan.pdb,results/6WXU/glycoshield/ASN109_D/glycan_ensemble.pdb,,,
6X3X,ASN111_B,triple_core,"reference, GlycoShield and GlycoShape are available",triple,high_mannose,Man8,G48369JO,True,True,False,10,10,10,30,30,,/home/etudiant/Documents/M2BI/projet_long_2.0/structures/final_set_23/6x3x.pdb,/home/etudiant/Documents/M2BI/projet_long_2.0/structures/final_set_23/deglycosylated/6x3x_protein_only.pdb,results/6X3X/reference/ASN111_B/glycan.pdb,results/6X3X/glycoshield/ASN111_B/glycan_ensemble.pdb,results/6X3X/glycoshape/ASN111_B/glycan_ensemble.pdb,/home/etudiant/Documents/M2BI/projet_long_2.0/Glycoshape_reglyco/output_glycoshape/6X3X_G48369JO_GlycoShape_Job_6cd631d4/ensemble_stats.csv,/home/etudiant/Documents/M2BI/projet_long_2.0/Glycoshape_reglyco/output_glycoshape/6X3X_G48369JO_GlycoShape_Job_6cd631d4/job_meta.json
6Z2P,THR8_C,triple_core,"reference, GlycoShield and GlycoShape are available",triple,o_glycan,O-Core1,G00032MO,True,True,False,2,2,2,30,30,,/home/etudiant/Documents/M2BI/projet_long_2.0/structures/final_set_23/6z2p.pdb,/home/etudiant/Documents/M2BI/projet_long_2.0/structures/final_set_23/deglycosylated/6z2p_protein_only.pdb,results/6Z2P/reference/THR8_C/glycan.pdb,results/6Z2P/glycoshield/THR8_C/glycan_ensemble.pdb,results/6Z2P/glycoshape/THR8_C/glycan_ensemble.pdb,/home/etudiant/Documents/M2BI/projet_long_2.0/Glycoshape_reglyco/output_glycoshape/6Z2P_G00032MO_GlycoShape_Job_08fff715/ensemble_stats.csv,/home/etudiant/Documents/M2BI/projet_long_2.0/Glycoshape_reglyco/output_glycoshape/6Z2P_G00032MO_GlycoShape_Job_08fff715/job_meta.json
