pdb_id,site,glycan_class,_ring_key,tool,n_models,reference_pucker_class,tool_majority_pucker_class,pucker_agreement_fraction,n_distinct_tool_pucker_classes
1BHG,ASN173_A,high_mannose,1_NAG,glycoshield,30,4C1,4C1,1.0,1
1BHG,ASN173_A,high_mannose,2_NAG,glycoshield,30,4C1,4C1,1.0,1
1BHG,ASN173_A,high_mannose,3_BMA,glycoshield,30,4C1,4C1,1.0,1
1BHG,ASN173_A,high_mannose,4_MAN,glycoshield,30,4C1,4C1,1.0,1
1BHG,ASN173_A,high_mannose,5_MAN,glycoshield,30,4C1,4C1,1.0,1
1BHG,ASN173_A,high_mannose,6_MAN,glycoshield,30,"B3,6",4C1,0.03333333333333333,5
1BHG,ASN173_A,high_mannose,7_MAN,glycoshield,30,4C1,4C1,0.9666666666666667,2
1BHG,ASN173_A,high_mannose,8_MAN,glycoshield,30,4C1,4C1,0.8666666666666667,4
1BHG,ASN173_A,high_mannose,9_MAN,glycoshield,30,4C1,4C1,1.0,1
1BHG,ASN173_B,high_mannose,1_NAG,glycoshield,30,2S6,4C1,0.0,1
1BHG,ASN173_B,high_mannose,2_NAG,glycoshield,30,4C1,4C1,1.0,1
1BHG,ASN173_B,high_mannose,3_BMA,glycoshield,30,4C1,4C1,1.0,1
1BHG,ASN173_B,high_mannose,4_MAN,glycoshield,30,4C1,4C1,1.0,1
1BHG,ASN173_B,high_mannose,5_MAN,glycoshield,30,4C1,4C1,1.0,1
1BHG,ASN173_B,high_mannose,6_MAN,glycoshield,30,4S2,4C1,0.0,2
1BHG,ASN173_B,high_mannose,7_MAN,glycoshield,30,4C1,4C1,1.0,1
1BHG,ASN173_B,high_mannose,8_MAN,glycoshield,30,4C1,4C1,0.9333333333333333,2
1BHG,ASN173_B,high_mannose,9_MAN,glycoshield,30,4C1,4C1,1.0,1
1OYH,ASN192_L,paucimannose,1_NAG,glycoshape,30,4C1,4C1,1.0,1
1OYH,ASN192_L,paucimannose,1_NAG,glycoshield,30,4C1,4C1,1.0,1
1OYH,ASN192_L,paucimannose,2_NAG,glycoshape,30,4C1,4C1,1.0,1
1OYH,ASN192_L,paucimannose,2_NAG,glycoshield,30,4C1,4C1,1.0,1
1OYH,ASN192_L,paucimannose,3_BMA,glycoshield,30,4C1,4C1,1.0,1
1OYH,ASN192_L,paucimannose,4_MAN,glycoshape,30,"B1,4",4C1,0.0,1
1OYH,ASN192_L,paucimannose,4_MAN,glycoshield,30,"B1,4",4C1,0.0,1
1OYH,ASN192_L,paucimannose,5_MAN,glycoshape,30,4S2,4C1,0.0,1
1OYH,ASN192_L,paucimannose,5_MAN,glycoshield,30,4S2,4C1,0.0,1
2J1G,ASN215_B,paucimannose,1_NAG,glycoshape,30,4C1,4C1,1.0,1
2J1G,ASN215_B,paucimannose,1_NAG,glycoshield,30,4C1,4C1,1.0,1
2J1G,ASN215_B,paucimannose,2_NAG,glycoshield,30,4C1,3S1,0.0,2
2J1G,ASN215_B,paucimannose,3_BMA,glycoshield,30,4C1,4C1,1.0,1
2J1G,ASN215_B,paucimannose,4_MAN,glycoshape,30,4C1,4C1,1.0,1
2J1G,ASN215_B,paucimannose,4_MAN,glycoshield,30,4C1,4C1,1.0,1
2J1G,ASN215_B,paucimannose,5_FUC,glycoshield,30,1C4,1C4,1.0,1
2PE4,ASN350_A,paucimannose,1_NAG,glycoshape,30,4C1,4C1,1.0,1
2PE4,ASN350_A,paucimannose,1_NAG,glycoshield,30,4C1,4C1,1.0,1
2PE4,ASN350_A,paucimannose,2_NAG,glycoshape,30,4C1,4C1,1.0,1
2PE4,ASN350_A,paucimannose,2_NAG,glycoshield,30,4C1,4C1,1.0,1
2PE4,ASN350_A,paucimannose,3_BMA,glycoshield,30,4C1,4C1,1.0,1
2PE4,ASN350_A,paucimannose,4_MAN,glycoshape,30,4C1,4C1,1.0,1
2PE4,ASN350_A,paucimannose,4_MAN,glycoshield,30,4C1,4C1,0.5,4
2PE4,ASN350_A,paucimannose,5_MAN,glycoshape,30,4C1,4C1,1.0,1
2PE4,ASN350_A,paucimannose,5_MAN,glycoshield,30,4C1,4C1,0.8666666666666667,5
2PE4,ASN350_A,paucimannose,6_MAN,glycoshape,30,4C1,4C1,1.0,1
2PE4,ASN350_A,paucimannose,6_MAN,glycoshield,30,4C1,4C1,1.0,1
2QL1,ASN297_A,complex,1_NAG,glycoshape,30,4C1,4C1,1.0,1
2QL1,ASN297_A,complex,1_NAG,glycoshield,30,4C1,4C1,1.0,1
2QL1,ASN297_A,complex,2_NAG,glycoshield,30,4C1,4C1,1.0,1
2QL1,ASN297_A,complex,3_BMA,glycoshield,30,4C1,4C1,1.0,1
2QL1,ASN297_A,complex,4_MAN,glycoshape,30,4C1,4C1,1.0,1
2QL1,ASN297_A,complex,4_MAN,glycoshield,30,4C1,4C1,1.0,1
2QL1,ASN297_A,complex,5_NAG,glycoshield,30,4C1,4C1,1.0,1
2QL1,ASN297_A,complex,9_FUC,glycoshield,30,1C4,1C4,1.0,1
2QWB,ASN200_A,high_mannose,1_NAG,glycoshape,30,4C1,4C1,1.0,1
2QWB,ASN200_A,high_mannose,1_NAG,glycoshield,30,4C1,4C1,1.0,1
2QWB,ASN200_A,high_mannose,2_NAG,glycoshape,30,4C1,4C1,1.0,1
2QWB,ASN200_A,high_mannose,2_NAG,glycoshield,30,4C1,4C1,1.0,1
2QWB,ASN200_A,high_mannose,3_BMA,glycoshield,30,4C1,4C1,1.0,1
2QWB,ASN200_A,high_mannose,4_MAN,glycoshape,30,4C1,4C1,1.0,1
2QWB,ASN200_A,high_mannose,4_MAN,glycoshield,30,4C1,4C1,1.0,1
2QWB,ASN200_A,high_mannose,5_MAN,glycoshape,30,4C1,4C1,1.0,1
2QWB,ASN200_A,high_mannose,5_MAN,glycoshield,30,4C1,4C1,1.0,1
2QWB,ASN200_A,high_mannose,6_MAN,glycoshape,30,4C1,4C1,1.0,1
2QWB,ASN200_A,high_mannose,6_MAN,glycoshield,30,4C1,4C1,1.0,1
2QWB,ASN200_A,high_mannose,7_MAN,glycoshape,30,4C1,4C1,1.0,1
2QWB,ASN200_A,high_mannose,7_MAN,glycoshield,30,4C1,4C1,1.0,1
3AVE,ASN297_A,complex,1_NAG,glycoshape,30,4C1,4C1,1.0,1
3AVE,ASN297_A,complex,1_NAG,glycoshield,30,4C1,4C1,1.0,1
3AVE,ASN297_A,complex,2_NAG,glycoshield,30,4C1,4C1,1.0,1
3AVE,ASN297_A,complex,3_BMA,glycoshield,30,4C1,4C1,1.0,1
3AVE,ASN297_A,complex,4_MAN,glycoshape,30,4C1,4C1,1.0,1
3AVE,ASN297_A,complex,4_MAN,glycoshield,30,4C1,4C1,1.0,1
3AVE,ASN297_A,complex,5_NAG,glycoshield,30,4C1,4C1,1.0,1
3AVE,ASN297_A,complex,6_MAN,glycoshield,30,4C1,4C1,1.0,1
3AVE,ASN297_A,complex,7_NAG,glycoshield,30,4C1,4C1,1.0,1
3AVE,ASN297_A,complex,8_FUC,glycoshield,30,1C4,1C4,1.0,1
3AVE,ASN297_B,complex,1_NAG,glycoshape,30,4C1,4C1,1.0,1
3AVE,ASN297_B,complex,1_NAG,glycoshield,30,4C1,4C1,1.0,1
3AVE,ASN297_B,complex,2_NAG,glycoshield,30,4C1,4C1,1.0,1
3AVE,ASN297_B,complex,3_BMA,glycoshield,30,4C1,4C1,1.0,1
3AVE,ASN297_B,complex,4_MAN,glycoshape,30,4C1,4C1,1.0,1
3AVE,ASN297_B,complex,4_MAN,glycoshield,30,4C1,4C1,1.0,1
3AVE,ASN297_B,complex,5_NAG,glycoshield,30,4C1,4C1,1.0,1
3AVE,ASN297_B,complex,6_MAN,glycoshield,30,4C1,4C1,1.0,1
3AVE,ASN297_B,complex,7_NAG,glycoshield,30,4C1,4C1,1.0,1
3AVE,ASN297_B,complex,8_FUC,glycoshield,30,1C4,1C4,1.0,1
3DGC,ASN172_R,paucimannose,1_NAG,glycoshape,30,4C1,4C1,1.0,1
3DGC,ASN172_R,paucimannose,1_NAG,glycoshield,30,4C1,4C1,1.0,1
3DGC,ASN172_R,paucimannose,2_NAG,glycoshield,30,4C1,3S1,0.0,3
3DGC,ASN172_R,paucimannose,3_BMA,glycoshield,30,4C1,4C1,0.9666666666666667,2
3DGC,ASN172_R,paucimannose,4_MAN,glycoshape,30,4C1,4C1,1.0,1
3DGC,ASN172_R,paucimannose,4_MAN,glycoshield,30,4C1,4C1,1.0,1
3DGC,ASN172_R,paucimannose,5_FUC,glycoshield,30,1C4,1C4,1.0,1
4B7I,ASN297_A,high_mannose,1_NAG,glycoshape,30,4C1,4C1,1.0,1
4B7I,ASN297_A,high_mannose,1_NAG,glycoshield,30,4C1,4C1,1.0,1
4B7I,ASN297_A,high_mannose,2_NAG,glycoshield,30,4C1,4C1,1.0,1
4B7I,ASN297_A,high_mannose,3_BMA,glycoshield,30,4C1,4C1,1.0,1
4B7I,ASN297_A,high_mannose,4_MAN,glycoshape,30,4C1,4C1,1.0,1
4B7I,ASN297_A,high_mannose,4_MAN,glycoshield,30,4C1,4C1,1.0,1
4B7I,ASN297_A,high_mannose,5_MAN,glycoshape,30,4C1,4C1,1.0,1
4B7I,ASN297_A,high_mannose,5_MAN,glycoshield,30,4C1,4C1,1.0,1
4B7I,ASN297_A,high_mannose,6_MAN,glycoshape,30,4C1,4C1,1.0,1
4B7I,ASN297_A,high_mannose,6_MAN,glycoshield,30,4C1,4C1,1.0,1
4B7I,ASN297_A,high_mannose,7_MAN,glycoshape,30,4C1,4C1,1.0,1
4B7I,ASN297_A,high_mannose,7_MAN,glycoshield,30,4C1,4C1,1.0,1
4B7I,ASN297_A,high_mannose,8_FUC,glycoshield,30,1C4,1C4,1.0,1
4C54,ASN297_A,complex,1_NAG,glycoshape,30,4C1,4C1,1.0,1
4C54,ASN297_A,complex,1_NAG,glycoshield,30,4C1,4C1,1.0,1
4C54,ASN297_A,complex,2_NAG,glycoshield,30,4C1,4C1,1.0,1
4C54,ASN297_A,complex,3_BMA,glycoshield,30,4C1,4C1,1.0,1
4C54,ASN297_A,complex,4_MAN,glycoshape,30,4C1,4C1,1.0,1
4C54,ASN297_A,complex,4_MAN,glycoshield,30,4C1,4C1,1.0,1
4C54,ASN297_A,complex,5_NAG,glycoshield,30,4C1,4C1,1.0,1
4C54,ASN297_A,complex,6_MAN,glycoshield,30,4C1,4C1,1.0,1
4C54,ASN297_A,complex,7_NAG,glycoshield,30,4C1,4C1,1.0,1
4C54,ASN297_A,complex,8_FUC,glycoshield,30,1C4,1C4,1.0,1
4C54,ASN297_B,complex,1_NAG,glycoshape,30,4C1,4C1,1.0,1
4C54,ASN297_B,complex,1_NAG,glycoshield,30,4C1,4C1,1.0,1
4C54,ASN297_B,complex,2_NAG,glycoshield,30,4C1,4C1,1.0,1
4C54,ASN297_B,complex,3_BMA,glycoshield,30,4C1,4C1,1.0,1
4C54,ASN297_B,complex,4_MAN,glycoshape,30,4C1,4C1,1.0,1
4C54,ASN297_B,complex,4_MAN,glycoshield,30,4C1,4C1,1.0,1
4C54,ASN297_B,complex,5_NAG,glycoshield,30,4C1,4C1,1.0,1
4C54,ASN297_B,complex,6_MAN,glycoshield,30,4C1,4C1,1.0,1
4C54,ASN297_B,complex,7_NAG,glycoshield,30,4C1,4C1,1.0,1
4C54,ASN297_B,complex,8_FUC,glycoshield,30,1C4,1C4,1.0,1
5IW3,ASN320_A,complex,1_NAG,glycoshape,30,4C1,4C1,1.0,1
5IW3,ASN320_A,complex,1_NAG,glycoshield,30,4C1,4C1,1.0,1
5IW3,ASN320_A,complex,2_NAG,glycoshape,30,4C1,4C1,1.0,1
5IW3,ASN320_A,complex,2_NAG,glycoshield,30,4C1,4C1,1.0,1
5IW3,ASN320_A,complex,3_BMA,glycoshield,30,4C1,4C1,1.0,1
5IW3,ASN320_A,complex,4_MAN,glycoshape,30,4C1,4C1,1.0,1
5IW3,ASN320_A,complex,4_MAN,glycoshield,30,4C1,4C1,1.0,1
5IW3,ASN320_A,complex,5_NAG,glycoshape,30,4C1,4C1,1.0,1
5IW3,ASN320_A,complex,5_NAG,glycoshield,30,4C1,4C1,1.0,1
5IW3,ASN320_A,complex,6_GAL,glycoshape,30,4C1,4C1,1.0,1
5IW3,ASN320_A,complex,7_MAN,glycoshape,30,4C1,4C1,1.0,1
5IW3,ASN320_A,complex,8_NAG,glycoshape,30,4C1,4C1,1.0,1
5L2J,ASN57_A,paucimannose,1_NAG,glycoshield,30,4C1,4C1,1.0,1
5L2J,ASN57_A,paucimannose,4_MAN,glycoshape,30,4C1,4C1,1.0,1
5L2J,ASN57_A,paucimannose,5_MAN,glycoshape,30,4C1,4C1,1.0,1
5L2J,ASN57_A,paucimannose,5_MAN,glycoshield,30,4C1,4C1,1.0,1
5L2J,ASN57_A,paucimannose,7_FUC,glycoshape,30,1C4,1C4,1.0,1
5L2J,ASN57_A,paucimannose,7_FUC,glycoshield,30,1C4,1C4,1.0,1
5XWD,ASN328_A,complex,1_NAG,glycoshield,30,4C1,4C1,1.0,1
5XWD,ASN328_A,complex,2_NAG,glycoshape,30,4C1,4C1,1.0,1
5XWD,ASN328_A,complex,2_NAG,glycoshield,30,4C1,4C1,1.0,1
5XWD,ASN328_A,complex,3_BMA,glycoshield,30,4C1,4C1,1.0,1
5XWD,ASN328_A,complex,4_MAN,glycoshape,30,4C1,4C1,1.0,1
5XWD,ASN328_A,complex,4_MAN,glycoshield,30,4C1,4C1,1.0,1
5XWD,ASN328_A,complex,5_NAG,glycoshape,30,4C1,4C1,1.0,1
5XWD,ASN328_A,complex,5_NAG,glycoshield,30,4C1,4C1,1.0,1
5XWD,ASN328_A,complex,6_MAN,glycoshape,30,4C1,4C1,1.0,1
5XWD,ASN328_A,complex,6_MAN,glycoshield,30,4C1,4C1,1.0,1
5XWD,ASN328_A,complex,7_NAG,glycoshape,30,4C1,4C1,1.0,1
5XWD,ASN328_A,complex,7_NAG,glycoshield,30,4C1,4C1,1.0,1
6CMG,ASN529_A,paucimannose,1_NAG,glycoshield,30,4C1,4C1,1.0,1
6CMG,ASN529_A,paucimannose,4_MAN,glycoshape,30,1S3,4C1,0.0,1
6CMG,ASN529_A,paucimannose,6_FUC,glycoshape,30,1C4,1C4,1.0,1
6CMG,ASN529_A,paucimannose,6_FUC,glycoshield,30,1C4,1C4,1.0,1
6F9T,ASN109_A,complex,1_NAG,glycoshape,30,4C1,4C1,1.0,1
6F9T,ASN109_A,complex,1_NAG,glycoshield,30,4C1,4C1,1.0,1
6F9T,ASN109_A,complex,2_NAG,glycoshield,30,4C1,4C1,1.0,1
6F9T,ASN109_A,complex,3_BMA,glycoshield,30,4C1,4C1,1.0,1
6F9T,ASN109_A,complex,4_MAN,glycoshape,30,4C1,4C1,1.0,1
6F9T,ASN109_A,complex,4_MAN,glycoshield,30,4C1,4C1,1.0,1
6F9T,ASN109_A,complex,5_NAG,glycoshield,30,4C1,4C1,1.0,1
6F9T,ASN109_A,complex,6_MAN,glycoshield,30,4C1,4C1,1.0,1
6F9T,ASN109_A,complex,7_NAG,glycoshield,30,4C1,4C1,1.0,1
6F9T,ASN109_A,complex,8_FUC,glycoshield,30,1C4,1C4,1.0,1
6FB3,ASN2365_A,high_mannose,1_NAG,glycoshape,30,4C1,4C1,1.0,1
6FB3,ASN2365_A,high_mannose,1_NAG,glycoshield,30,4C1,4C1,1.0,1
6FB3,ASN2365_A,high_mannose,2_NAG,glycoshape,30,4C1,4C1,1.0,1
6FB3,ASN2365_A,high_mannose,2_NAG,glycoshield,30,4C1,4C1,1.0,1
6FB3,ASN2365_A,high_mannose,3_BMA,glycoshield,30,4C1,4C1,1.0,1
6FB3,ASN2365_A,high_mannose,4_MAN,glycoshape,30,4C1,4C1,1.0,1
6FB3,ASN2365_A,high_mannose,4_MAN,glycoshield,30,4C1,4C1,1.0,1
6FB3,ASN2365_A,high_mannose,5_MAN,glycoshape,30,4C1,4C1,1.0,1
6FB3,ASN2365_A,high_mannose,5_MAN,glycoshield,30,4C1,4C1,1.0,1
6FB3,ASN2365_A,high_mannose,6_MAN,glycoshape,30,4C1,4C1,1.0,1
6FB3,ASN2365_A,high_mannose,6_MAN,glycoshield,30,4C1,4C1,1.0,1
6FB3,ASN2365_A,high_mannose,7_MAN,glycoshape,30,4C1,4C1,1.0,1
6FB3,ASN2365_A,high_mannose,7_MAN,glycoshield,30,4C1,4C1,1.0,1
6FB3,ASN2365_A,high_mannose,8_MAN,glycoshape,30,4C1,4C1,1.0,1
6FB3,ASN2365_A,high_mannose,8_MAN,glycoshield,30,4C1,4C1,1.0,1
6FB3,ASN2365_B,high_mannose,1_NAG,glycoshape,30,4C1,4C1,1.0,1
6FB3,ASN2365_B,high_mannose,1_NAG,glycoshield,30,4C1,4C1,1.0,1
6FB3,ASN2365_B,high_mannose,2_NAG,glycoshape,30,4C1,4C1,1.0,1
6FB3,ASN2365_B,high_mannose,2_NAG,glycoshield,30,4C1,4C1,1.0,1
6FB3,ASN2365_B,high_mannose,3_BMA,glycoshield,30,4C1,4C1,1.0,1
6FB3,ASN2365_B,high_mannose,4_MAN,glycoshape,30,4C1,4C1,1.0,1
6FB3,ASN2365_B,high_mannose,4_MAN,glycoshield,30,4C1,4C1,1.0,1
6FB3,ASN2365_B,high_mannose,5_MAN,glycoshape,30,4C1,4C1,1.0,1
6FB3,ASN2365_B,high_mannose,5_MAN,glycoshield,30,4C1,4C1,1.0,1
6FB3,ASN2365_B,high_mannose,6_MAN,glycoshape,30,4C1,4C1,1.0,1
6FB3,ASN2365_B,high_mannose,6_MAN,glycoshield,30,4C1,4C1,1.0,1
6FB3,ASN2365_B,high_mannose,7_MAN,glycoshape,30,4C1,4C1,1.0,1
6FB3,ASN2365_B,high_mannose,7_MAN,glycoshield,30,4C1,4C1,1.0,1
6FB3,ASN2365_B,high_mannose,8_MAN,glycoshape,30,4C1,4C1,1.0,1
6FB3,ASN2365_B,high_mannose,8_MAN,glycoshield,30,4C1,4C1,1.0,1
6FB3,ASN2365_C,high_mannose,1_NAG,glycoshape,30,4C1,4C1,1.0,1
6FB3,ASN2365_C,high_mannose,1_NAG,glycoshield,30,4C1,4C1,1.0,1
6FB3,ASN2365_C,high_mannose,2_NAG,glycoshape,30,4C1,4C1,1.0,1
6FB3,ASN2365_C,high_mannose,2_NAG,glycoshield,30,4C1,4C1,1.0,1
6FB3,ASN2365_C,high_mannose,3_BMA,glycoshield,30,4C1,4C1,1.0,1
6FB3,ASN2365_C,high_mannose,4_MAN,glycoshape,30,4C1,4C1,1.0,1
6FB3,ASN2365_C,high_mannose,4_MAN,glycoshield,30,4C1,4C1,1.0,1
6FB3,ASN2365_C,high_mannose,5_MAN,glycoshape,30,4C1,4C1,1.0,1
6FB3,ASN2365_C,high_mannose,5_MAN,glycoshield,30,4C1,4C1,1.0,1
6FB3,ASN2365_C,high_mannose,6_MAN,glycoshape,30,4C1,4C1,1.0,1
6FB3,ASN2365_C,high_mannose,6_MAN,glycoshield,30,4C1,4C1,1.0,1
6FB3,ASN2365_C,high_mannose,7_MAN,glycoshape,30,4C1,4C1,1.0,1
6FB3,ASN2365_C,high_mannose,7_MAN,glycoshield,30,4C1,4C1,1.0,1
6FB3,ASN2365_C,high_mannose,8_MAN,glycoshape,30,4C1,4C1,1.0,1
6FB3,ASN2365_C,high_mannose,8_MAN,glycoshield,30,4C1,4C1,1.0,1
6FB3,ASN2365_D,high_mannose,1_NAG,glycoshape,30,4C1,4C1,1.0,1
6FB3,ASN2365_D,high_mannose,1_NAG,glycoshield,30,4C1,4C1,1.0,1
6FB3,ASN2365_D,high_mannose,2_NAG,glycoshape,30,4C1,4C1,1.0,1
6FB3,ASN2365_D,high_mannose,2_NAG,glycoshield,30,4C1,4C1,1.0,1
6FB3,ASN2365_D,high_mannose,3_BMA,glycoshield,30,4C1,4C1,1.0,1
6FB3,ASN2365_D,high_mannose,4_MAN,glycoshape,30,4C1,4C1,1.0,1
6FB3,ASN2365_D,high_mannose,4_MAN,glycoshield,30,4C1,4C1,1.0,1
6FB3,ASN2365_D,high_mannose,5_MAN,glycoshape,30,4C1,4C1,1.0,1
6FB3,ASN2365_D,high_mannose,5_MAN,glycoshield,30,4C1,4C1,1.0,1
6FB3,ASN2365_D,high_mannose,6_MAN,glycoshape,30,4C1,4C1,1.0,1
6FB3,ASN2365_D,high_mannose,6_MAN,glycoshield,30,4C1,4C1,1.0,1
6FB3,ASN2365_D,high_mannose,7_MAN,glycoshape,30,4C1,4C1,1.0,1
6FB3,ASN2365_D,high_mannose,7_MAN,glycoshield,30,4C1,4C1,1.0,1
6FB3,ASN2365_D,high_mannose,8_MAN,glycoshape,30,4C1,4C1,1.0,1
6FB3,ASN2365_D,high_mannose,8_MAN,glycoshield,30,4C1,4C1,1.0,1
6X3X,ASN111_B,high_mannose,10_MAN,glycoshape,30,4C1,4C1,1.0,1
6X3X,ASN111_B,high_mannose,10_MAN,glycoshield,30,4C1,4C1,1.0,1
6X3X,ASN111_B,high_mannose,1_NAG,glycoshield,30,4C1,4C1,1.0,1
6X3X,ASN111_B,high_mannose,2_NAG,glycoshape,30,4C1,4C1,1.0,1
6X3X,ASN111_B,high_mannose,2_NAG,glycoshield,30,4C1,4C1,1.0,1
6X3X,ASN111_B,high_mannose,3_BMA,glycoshield,30,4C1,4C1,0.8,3
6X3X,ASN111_B,high_mannose,4_MAN,glycoshape,30,4C1,4C1,1.0,1
6X3X,ASN111_B,high_mannose,4_MAN,glycoshield,30,4C1,4C1,1.0,1
6X3X,ASN111_B,high_mannose,5_MAN,glycoshape,30,4C1,4C1,1.0,1
6X3X,ASN111_B,high_mannose,5_MAN,glycoshield,30,4C1,4C1,1.0,1
6X3X,ASN111_B,high_mannose,6_MAN,glycoshape,30,4C1,4C1,1.0,1
6X3X,ASN111_B,high_mannose,6_MAN,glycoshield,30,4C1,4C1,1.0,1
6X3X,ASN111_B,high_mannose,7_MAN,glycoshape,30,4C1,4C1,1.0,1
6X3X,ASN111_B,high_mannose,7_MAN,glycoshield,30,4C1,4C1,1.0,1
6X3X,ASN111_B,high_mannose,8_MAN,glycoshape,30,4C1,4C1,1.0,1
6X3X,ASN111_B,high_mannose,8_MAN,glycoshield,30,4C1,4C1,1.0,1
6X3X,ASN111_B,high_mannose,9_MAN,glycoshape,30,4C1,4C1,1.0,1
6X3X,ASN111_B,high_mannose,9_MAN,glycoshield,30,4C1,4C1,1.0,1
