pdb_id,site,tool,scope,analysis_group,glycan_class,glycan_name,glytoucan,recommended_use,pdb_path,pdb_exists,reference_pdb_path,reference_pdb_exists,n_models_total,n_models_tested,n_atoms_first_model,n_residues_first_model,glycontact_version,sequence_status,n_unique_sequences,first_sequence,coordinate_status,n_coordinate_rows_first_tested_model,ring_status,n_ring_rows_first_tested_model,coordinate_columns_first_tested_model,ring_columns_first_tested_model,superimpose_to_reference_status,n_superimpose_ok,n_superimpose_failed,min_rmsd_to_reference,mean_rmsd_to_reference,median_rmsd_to_reference,adapter_status,warnings
1BHG,ASN173_A,reference,glycoshield_secondary,reference_glycoshield_secondary,high_mannose,Man7,,reference_for_selected_site,results/1BHG/aligned/ASN173_A/glycan_frame/reference_glycan.pdb,True,results/1BHG/aligned/ASN173_A/glycan_frame/reference_glycan.pdb,True,1,1,105,9,0.3.4,ok,1,Man(a1-2)Man(a1-6)[Man(a1-3)]Man(a1-6)[Man(a1-2)Man(a1-3)]Man(b1-4)GlcNAc(b1-4)GlcNAc,ok,105,ok,9,record_name;atom_number;atom_name;monosaccharide;chain_id;residue_number;x;y;z;occupancy;temperature_factor;element;IUPAC,residue;monosaccharide;Q;theta;phi;conformation,not_run,0,0,,,,ok,
1BHG,ASN173_A,glycoshield,glycoshield_secondary,reference_glycoshield_secondary,high_mannose,Man7,,exploratory_common_scaffold,results/1BHG/aligned/ASN173_A/glycan_frame/glycoshield_glycan_ensemble.pdb,True,results/1BHG/aligned/ASN173_A/glycan_frame/reference_glycan.pdb,True,30,30,202,9,0.3.4,ok,1,Man(a1-6)[Man(a1-3)]Man(a1-6)[Man(a1-2)Man(a1-2)Man(a1-3)]Man(b1-4)GlcNAc(b1-4)GlcNAc,ok,202,ok,9,record_name;atom_number;atom_name;monosaccharide;chain_id;residue_number;x;y;z;occupancy;temperature_factor;element;IUPAC,residue;monosaccharide;Q;theta;phi;conformation,ok,30,0,1.786989,2.291888,2.163604,ok,
1BHG,ASN173_B,reference,glycoshield_secondary,reference_glycoshield_secondary,high_mannose,Man7,,reference_for_selected_site,results/1BHG/aligned/ASN173_B/glycan_frame/reference_glycan.pdb,True,results/1BHG/aligned/ASN173_B/glycan_frame/reference_glycan.pdb,True,1,1,105,9,0.3.4,ok,1,Man(a1-2)Man(a1-6)[Man(a1-3)]Man(a1-6)[Man(a1-2)Man(a1-3)]Man(b1-4)GlcNAc(b1-4)GlcNAc,ok,105,ok,9,record_name;atom_number;atom_name;monosaccharide;chain_id;residue_number;x;y;z;occupancy;temperature_factor;element;IUPAC,residue;monosaccharide;Q;theta;phi;conformation,not_run,0,0,,,,ok,
1BHG,ASN173_B,glycoshield,glycoshield_secondary,reference_glycoshield_secondary,high_mannose,Man7,,exploratory_common_scaffold,results/1BHG/aligned/ASN173_B/glycan_frame/glycoshield_glycan_ensemble.pdb,True,results/1BHG/aligned/ASN173_B/glycan_frame/reference_glycan.pdb,True,30,30,202,9,0.3.4,ok,1,Man(a1-6)[Man(a1-3)]Man(a1-6)[Man(a1-2)Man(a1-2)Man(a1-3)]Man(b1-4)GlcNAc(b1-4)GlcNAc,ok,202,ok,9,record_name;atom_number;atom_name;monosaccharide;chain_id;residue_number;x;y;z;occupancy;temperature_factor;element;IUPAC,residue;monosaccharide;Q;theta;phi;conformation,ok,30,0,1.920019,2.350554,2.165626,ok,
1OYH,ASN192_L,reference,triple_core,triple_core,paucimannose,M3,G00026MO,reference_for_selected_site,results/1OYH/aligned/ASN192_L/glycan_frame/reference_glycan.pdb,True,results/1OYH/aligned/ASN192_L/glycan_frame/reference_glycan.pdb,True,1,1,61,5,0.3.4,ok,1,Man(a1-3)[Man(a1-6)]Man(b1-4)GlcNAc(b1-4)GlcNAc,ok,61,ok,5,record_name;atom_number;atom_name;monosaccharide;chain_id;residue_number;x;y;z;occupancy;temperature_factor;element;IUPAC,residue;monosaccharide;Q;theta;phi;conformation,not_run,0,0,,,,ok,
1OYH,ASN192_L,glycoshield,triple_core,triple_core,paucimannose,M3,G00026MO,strict,results/1OYH/aligned/ASN192_L/glycan_frame/glycoshield_glycan_ensemble.pdb,True,results/1OYH/aligned/ASN192_L/glycan_frame/reference_glycan.pdb,True,30,30,118,5,0.3.4,ok,1,Man(a1-3)[Man(a1-6)]Man(b1-4)GlcNAc(b1-4)GlcNAc,ok,118,ok,5,record_name;atom_number;atom_name;monosaccharide;chain_id;residue_number;x;y;z;occupancy;temperature_factor;element;IUPAC,residue;monosaccharide;Q;theta;phi;conformation,ok,30,0,1.209968,1.701349,1.7237,ok,
1OYH,ASN192_L,glycoshape,triple_core,triple_core,paucimannose,M3,G00026MO,strict,results/1OYH/aligned/ASN192_L/glycan_frame/glycoshape_glycan_ensemble.pdb,True,results/1OYH/aligned/ASN192_L/glycan_frame/reference_glycan.pdb,True,30,30,118,5,0.3.4,ok,1,Man(a1-6)[Man(a1-3)]Man(b1-4)GlcNAc(b1-4)GlcNAc,ok,118,ok,5,record_name;atom_number;atom_name;monosaccharide;chain_id;residue_number;x;y;z;occupancy;temperature_factor;element;IUPAC,residue;monosaccharide;Q;theta;phi;conformation,ok,30,0,1.779394,1.887473,1.781038,ok,
2J1G,ASN215_B,reference,triple_core,triple_core,paucimannose,M2F_a6,G47829CW,reference_for_selected_site,results/2J1G/aligned/ASN215_B/glycan_frame/reference_glycan.pdb,True,results/2J1G/aligned/ASN215_B/glycan_frame/reference_glycan.pdb,True,1,1,60,5,0.3.4,ok,1,Man(a1-6)Man(b1-4)GlcNAc(b1-4)[Fuc(a1-6)]GlcNAc,ok,60,ok,5,record_name;atom_number;atom_name;monosaccharide;chain_id;residue_number;x;y;z;occupancy;temperature_factor;element;IUPAC,residue;monosaccharide;Q;theta;phi;conformation,not_run,0,0,,,,ok,
2J1G,ASN215_B,glycoshield,triple_core,triple_core,paucimannose,M2F_a6,G47829CW,strict,results/2J1G/aligned/ASN215_B/glycan_frame/glycoshield_glycan_ensemble.pdb,True,results/2J1G/aligned/ASN215_B/glycan_frame/reference_glycan.pdb,True,30,30,117,5,0.3.4,ok,1,Man(a1-6)Man(b1-4)GlcNAc(b1-4)[Fuc(a1-6)]GlcNAc,ok,117,ok,5,record_name;atom_number;atom_name;monosaccharide;chain_id;residue_number;x;y;z;occupancy;temperature_factor;element;IUPAC,residue;monosaccharide;Q;theta;phi;conformation,ok,30,0,1.548837,1.895687,1.822323,ok,
2J1G,ASN215_B,glycoshape,triple_core,triple_core,paucimannose,M2F_a6,G47829CW,strict,results/2J1G/aligned/ASN215_B/glycan_frame/glycoshape_glycan_ensemble.pdb,True,results/2J1G/aligned/ASN215_B/glycan_frame/reference_glycan.pdb,True,30,30,117,5,0.3.4,ok,1,Fuc(a1-6)[Man(a1-6)Man(b1-4)GlcNAc(b1-4)]GlcNAc,ok,117,ok,5,record_name;atom_number;atom_name;monosaccharide;chain_id;residue_number;x;y;z;occupancy;temperature_factor;element;IUPAC,residue;monosaccharide;Q;theta;phi;conformation,ok,30,0,1.853753,2.033646,2.065786,ok,
2PE4,ASN350_A,reference,triple_core,triple_core,paucimannose,M4_a3,G41510DX,reference_for_selected_site,results/2PE4/aligned/ASN350_A/glycan_frame/reference_glycan.pdb,True,results/2PE4/aligned/ASN350_A/glycan_frame/reference_glycan.pdb,True,1,1,72,6,0.3.4,ok,1,Man(a1-3)Man(a1-6)[Man(a1-3)]Man(b1-4)GlcNAc(b1-4)GlcNAc,ok,72,ok,6,record_name;atom_number;atom_name;monosaccharide;chain_id;residue_number;x;y;z;occupancy;temperature_factor;element;IUPAC,residue;monosaccharide;Q;theta;phi;conformation,not_run,0,0,,,,ok,
2PE4,ASN350_A,glycoshield,triple_core,triple_core,paucimannose,M4_a3,G41510DX,strict,results/2PE4/aligned/ASN350_A/glycan_frame/glycoshield_glycan_ensemble.pdb,True,results/2PE4/aligned/ASN350_A/glycan_frame/reference_glycan.pdb,True,30,30,139,6,0.3.4,ok,1,Man(a1-3)[Man(a1-3)Man(a1-6)]Man(b1-4)GlcNAc(b1-4)GlcNAc,ok,139,ok,6,record_name;atom_number;atom_name;monosaccharide;chain_id;residue_number;x;y;z;occupancy;temperature_factor;element;IUPAC,residue;monosaccharide;Q;theta;phi;conformation,ok,30,0,2.003852,2.51707,2.525387,ok,
2PE4,ASN350_A,glycoshape,triple_core,triple_core,paucimannose,M4_a3,G41510DX,strict,results/2PE4/aligned/ASN350_A/glycan_frame/glycoshape_glycan_ensemble.pdb,True,results/2PE4/aligned/ASN350_A/glycan_frame/reference_glycan.pdb,True,30,30,139,6,0.3.4,ok,1,Man(a1-3)Man(a1-6)[Man(a1-3)]Man(b1-4)GlcNAc(b1-4)GlcNAc,ok,139,ok,6,record_name;atom_number;atom_name;monosaccharide;chain_id;residue_number;x;y;z;occupancy;temperature_factor;element;IUPAC,residue;monosaccharide;Q;theta;phi;conformation,ok,30,0,1.47111,2.631493,2.915327,ok,
2QL1,ASN297_A,reference,triple_core,triple_core,complex,FA2G1,G70059SD,reference_for_selected_site,results/2QL1/aligned/ASN297_A/glycan_frame/reference_glycan.pdb,True,results/2QL1/aligned/ASN297_A/glycan_frame/reference_glycan.pdb,True,1,1,110,9,0.3.4,ok,1,Gal(b1-4)GlcNAc(b1-2)Man(a1-6)[GlcNAc(b1-2)Man(a1-3)]Man(b1-4)GlcNAc(b1-4)[Fuc(b1-6)]GlcNAc,ok,110,ok,9,record_name;atom_number;atom_name;monosaccharide;chain_id;residue_number;x;y;z;occupancy;temperature_factor;element;IUPAC,residue;monosaccharide;Q;theta;phi;conformation,not_run,0,0,,,,ok,
2QL1,ASN297_A,glycoshield,triple_core,triple_core,complex,FA2G1,G70059SD,strict,results/2QL1/aligned/ASN297_A/glycan_frame/glycoshield_glycan_ensemble.pdb,True,results/2QL1/aligned/ASN297_A/glycan_frame/reference_glycan.pdb,True,30,30,213,9,0.3.4,ok,1,GlcNAc(b1-2)Man(a1-6)[Gal(b1-4)GlcNAc(b1-2)Man(a1-3)]Man(b1-4)GlcNAc(b1-4)[Fuc(a1-6)]GlcNAc,ok,213,ok,9,record_name;atom_number;atom_name;monosaccharide;chain_id;residue_number;x;y;z;occupancy;temperature_factor;element;IUPAC,residue;monosaccharide;Q;theta;phi;conformation,ok,30,0,2.199188,2.811348,2.824914,ok,
2QL1,ASN297_A,glycoshape,triple_core,triple_core,complex,FA2G1,G70059SD,strict,results/2QL1/aligned/ASN297_A/glycan_frame/glycoshape_glycan_ensemble.pdb,True,results/2QL1/aligned/ASN297_A/glycan_frame/reference_glycan.pdb,True,30,30,213,9,0.3.4,ok,1,Fuc(a1-6)[Gal(b1-4)GlcNAc(b1-2)Man(a1-6)[GlcNAc(b1-2)Man(a1-3)]Man(b1-4)GlcNAc(b1-4)]GlcNAc,ok,213,ok,9,record_name;atom_number;atom_name;monosaccharide;chain_id;residue_number;x;y;z;occupancy;temperature_factor;element;IUPAC,residue;monosaccharide;Q;theta;phi;conformation,ok,30,0,2.301994,2.956419,2.992153,ok,
2QWB,ASN200_A,reference,triple_core,triple_core,high_mannose,Man5,G53401FX,reference_for_selected_site,results/2QWB/aligned/ASN200_A/glycan_frame/reference_glycan.pdb,True,results/2QWB/aligned/ASN200_A/glycan_frame/reference_glycan.pdb,True,1,1,83,7,0.3.4,ok,1,Man(a1-2)Man(a1-2)Man(a1-3)[Man(a1-6)]Man(b1-4)GlcNAc(b1-4)GlcNAc,ok,83,ok,7,record_name;atom_number;atom_name;monosaccharide;chain_id;residue_number;x;y;z;occupancy;temperature_factor;element;IUPAC,residue;monosaccharide;Q;theta;phi;conformation,not_run,0,0,,,,ok,
2QWB,ASN200_A,glycoshield,triple_core,triple_core,high_mannose,Man5,G53401FX,exploratory_common_scaffold,results/2QWB/aligned/ASN200_A/glycan_frame/glycoshield_glycan_ensemble.pdb,True,results/2QWB/aligned/ASN200_A/glycan_frame/reference_glycan.pdb,True,30,30,160,7,0.3.4,ok,1,Man(a1-3)[Man(a1-3)[Man(a1-6)]Man(a1-6)]Man(b1-4)GlcNAc(b1-4)GlcNAc,ok,160,ok,7,record_name;atom_number;atom_name;monosaccharide;chain_id;residue_number;x;y;z;occupancy;temperature_factor;element;IUPAC,residue;monosaccharide;Q;theta;phi;conformation,ok,30,0,2.885079,3.364476,3.369178,ok,
2QWB,ASN200_A,glycoshape,triple_core,triple_core,high_mannose,Man5,G53401FX,strict,results/2QWB/aligned/ASN200_A/glycan_frame/glycoshape_glycan_ensemble.pdb,True,results/2QWB/aligned/ASN200_A/glycan_frame/reference_glycan.pdb,True,30,30,160,7,0.3.4,ok,1,Man(a1-6)[Man(a1-2)Man(a1-2)Man(a1-3)]Man(b1-4)GlcNAc(b1-4)GlcNAc,ok,160,ok,7,record_name;atom_number;atom_name;monosaccharide;chain_id;residue_number;x;y;z;occupancy;temperature_factor;element;IUPAC,residue;monosaccharide;Q;theta;phi;conformation,ok,30,0,1.861719,2.220212,2.212313,ok,
3AVE,ASN297_A,reference,triple_core,triple_core,complex,NGA2F,G89637WE,reference_for_selected_site,results/3AVE/aligned/ASN297_A/glycan_frame/reference_glycan.pdb,True,results/3AVE/aligned/ASN297_A/glycan_frame/reference_glycan.pdb,True,1,1,99,8,0.3.4,ok,1,GlcNAc(b1-2)Man(a1-3)[GlcNAc(b1-2)Man(a1-6)]Man(b1-4)GlcNAc(b1-4)[Fuc(a1-6)]GlcNAc,ok,99,ok,8,record_name;atom_number;atom_name;monosaccharide;chain_id;residue_number;x;y;z;occupancy;temperature_factor;element;IUPAC,residue;monosaccharide;Q;theta;phi;conformation,not_run,0,0,,,,ok,
3AVE,ASN297_A,glycoshield,triple_core,triple_core,complex,NGA2F,G89637WE,strict,results/3AVE/aligned/ASN297_A/glycan_frame/glycoshield_glycan_ensemble.pdb,True,results/3AVE/aligned/ASN297_A/glycan_frame/reference_glycan.pdb,True,30,30,192,8,0.3.4,ok,1,GlcNAc(b1-2)Man(a1-6)[GlcNAc(b1-2)Man(a1-3)]Man(b1-4)GlcNAc(b1-4)[Fuc(a1-6)]GlcNAc,ok,192,ok,8,record_name;atom_number;atom_name;monosaccharide;chain_id;residue_number;x;y;z;occupancy;temperature_factor;element;IUPAC,residue;monosaccharide;Q;theta;phi;conformation,ok,30,0,0.783945,1.777927,1.793834,ok,
3AVE,ASN297_A,glycoshape,triple_core,triple_core,complex,NGA2F,G89637WE,strict,results/3AVE/aligned/ASN297_A/glycan_frame/glycoshape_glycan_ensemble.pdb,True,results/3AVE/aligned/ASN297_A/glycan_frame/reference_glycan.pdb,True,30,30,192,8,0.3.4,ok,1,Fuc(a1-6)[GlcNAc(b1-2)Man(a1-6)[GlcNAc(b1-2)Man(a1-3)]Man(b1-4)GlcNAc(b1-4)]GlcNAc,ok,192,ok,8,record_name;atom_number;atom_name;monosaccharide;chain_id;residue_number;x;y;z;occupancy;temperature_factor;element;IUPAC,residue;monosaccharide;Q;theta;phi;conformation,ok,30,0,1.665815,1.776056,1.666306,ok,
3AVE,ASN297_B,reference,triple_core,triple_core,complex,NGA2F,G89637WE,reference_for_selected_site,results/3AVE/aligned/ASN297_B/glycan_frame/reference_glycan.pdb,True,results/3AVE/aligned/ASN297_B/glycan_frame/reference_glycan.pdb,True,1,1,99,8,0.3.4,ok,1,GlcNAc(b1-2)Man(a1-3)[GlcNAc(b1-2)Man(a1-6)]Man(b1-4)GlcNAc(b1-4)[Fuc(a1-6)]GlcNAc,ok,99,ok,8,record_name;atom_number;atom_name;monosaccharide;chain_id;residue_number;x;y;z;occupancy;temperature_factor;element;IUPAC,residue;monosaccharide;Q;theta;phi;conformation,not_run,0,0,,,,ok,
3AVE,ASN297_B,glycoshield,triple_core,triple_core,complex,NGA2F,G89637WE,strict,results/3AVE/aligned/ASN297_B/glycan_frame/glycoshield_glycan_ensemble.pdb,True,results/3AVE/aligned/ASN297_B/glycan_frame/reference_glycan.pdb,True,30,30,192,8,0.3.4,ok,1,GlcNAc(b1-2)Man(a1-6)[GlcNAc(b1-2)Man(a1-3)]Man(b1-4)GlcNAc(b1-4)[Fuc(a1-6)]GlcNAc,ok,192,ok,8,record_name;atom_number;atom_name;monosaccharide;chain_id;residue_number;x;y;z;occupancy;temperature_factor;element;IUPAC,residue;monosaccharide;Q;theta;phi;conformation,ok,30,0,0.860894,1.609882,1.642835,ok,
3AVE,ASN297_B,glycoshape,triple_core,triple_core,complex,NGA2F,G89637WE,strict,results/3AVE/aligned/ASN297_B/glycan_frame/glycoshape_glycan_ensemble.pdb,True,results/3AVE/aligned/ASN297_B/glycan_frame/reference_glycan.pdb,True,30,30,192,8,0.3.4,ok,1,Fuc(a1-6)[GlcNAc(b1-2)Man(a1-6)[GlcNAc(b1-2)Man(a1-3)]Man(b1-4)GlcNAc(b1-4)]GlcNAc,ok,192,ok,8,record_name;atom_number;atom_name;monosaccharide;chain_id;residue_number;x;y;z;occupancy;temperature_factor;element;IUPAC,residue;monosaccharide;Q;theta;phi;conformation,ok,30,0,1.522628,1.577886,1.591682,ok,
3DGC,ASN172_R,reference,triple_core,triple_core,paucimannose,M2F_a6,G47829CW,reference_for_selected_site,results/3DGC/aligned/ASN172_R/glycan_frame/reference_glycan.pdb,True,results/3DGC/aligned/ASN172_R/glycan_frame/reference_glycan.pdb,True,1,1,60,5,0.3.4,ok,1,Man(a1-6)Man(b1-4)GlcNAc(b1-4)[Fuc(a1-6)]GlcNAc,ok,60,ok,5,record_name;atom_number;atom_name;monosaccharide;chain_id;residue_number;x;y;z;occupancy;temperature_factor;element;IUPAC,residue;monosaccharide;Q;theta;phi;conformation,not_run,0,0,,,,ok,
3DGC,ASN172_R,glycoshield,triple_core,triple_core,paucimannose,M2F_a6,G47829CW,strict,results/3DGC/aligned/ASN172_R/glycan_frame/glycoshield_glycan_ensemble.pdb,True,results/3DGC/aligned/ASN172_R/glycan_frame/reference_glycan.pdb,True,30,30,117,5,0.3.4,ok,1,Man(a1-6)Man(b1-4)GlcNAc(b1-4)[Fuc(a1-6)]GlcNAc,ok,117,ok,5,record_name;atom_number;atom_name;monosaccharide;chain_id;residue_number;x;y;z;occupancy;temperature_factor;element;IUPAC,residue;monosaccharide;Q;theta;phi;conformation,ok,30,0,1.38568,2.021198,2.048365,ok,
3DGC,ASN172_R,glycoshape,triple_core,triple_core,paucimannose,M2F_a6,G47829CW,strict,results/3DGC/aligned/ASN172_R/glycan_frame/glycoshape_glycan_ensemble.pdb,True,results/3DGC/aligned/ASN172_R/glycan_frame/reference_glycan.pdb,True,30,30,117,5,0.3.4,ok,1,Fuc(a1-6)[Man(a1-6)Man(b1-4)GlcNAc(b1-4)]GlcNAc,ok,117,ok,5,record_name;atom_number;atom_name;monosaccharide;chain_id;residue_number;x;y;z;occupancy;temperature_factor;element;IUPAC,residue;monosaccharide;Q;theta;phi;conformation,ok,30,0,1.138749,1.534203,1.719412,ok,
4B7I,ASN297_A,reference,triple_core,triple_core,high_mannose,Man5_Fuc1,G26629TM,reference_for_selected_site,results/4B7I/aligned/ASN297_A/glycan_frame/reference_glycan.pdb,True,results/4B7I/aligned/ASN297_A/glycan_frame/reference_glycan.pdb,True,1,1,93,8,0.3.4,ok,1,Man(a1-3)[Man(a1-6)]Man(a1-6)[Man(a1-3)]Man(b1-4)GlcNAc(b1-4)[Fuc(a1-6)]GlcNAc,ok,93,ok,8,record_name;atom_number;atom_name;monosaccharide;chain_id;residue_number;x;y;z;occupancy;temperature_factor;element;IUPAC,residue;monosaccharide;Q;theta;phi;conformation,not_run,0,0,,,,ok,
4B7I,ASN297_A,glycoshield,triple_core,triple_core,high_mannose,Man5_Fuc1,G26629TM,strict,results/4B7I/aligned/ASN297_A/glycan_frame/glycoshield_glycan_ensemble.pdb,True,results/4B7I/aligned/ASN297_A/glycan_frame/reference_glycan.pdb,True,30,30,180,8,0.3.4,ok,1,Man(a1-6)[Man(a1-3)]Man(a1-6)[Man(a1-3)]Man(b1-4)GlcNAc(b1-4)[Fuc(a1-6)]GlcNAc,ok,180,ok,8,record_name;atom_number;atom_name;monosaccharide;chain_id;residue_number;x;y;z;occupancy;temperature_factor;element;IUPAC,residue;monosaccharide;Q;theta;phi;conformation,ok,30,0,1.511367,2.062882,2.100327,ok,
4B7I,ASN297_A,glycoshape,triple_core,triple_core,high_mannose,Man5_Fuc1,G26629TM,strict,results/4B7I/aligned/ASN297_A/glycan_frame/glycoshape_glycan_ensemble.pdb,True,results/4B7I/aligned/ASN297_A/glycan_frame/reference_glycan.pdb,True,30,30,180,8,0.3.4,ok,1,Fuc(a1-6)[Man(a1-6)[Man(a1-3)]Man(a1-6)[Man(a1-3)]Man(b1-4)GlcNAc(b1-4)]GlcNAc,ok,180,ok,8,record_name;atom_number;atom_name;monosaccharide;chain_id;residue_number;x;y;z;occupancy;temperature_factor;element;IUPAC,residue;monosaccharide;Q;theta;phi;conformation,ok,30,0,2.063256,2.102862,2.063331,ok,
4C54,ASN297_A,reference,triple_core,triple_core,complex,NGA2F,G89637WE,reference_for_selected_site,results/4C54/aligned/ASN297_A/glycan_frame/reference_glycan.pdb,True,results/4C54/aligned/ASN297_A/glycan_frame/reference_glycan.pdb,True,1,1,99,8,0.3.4,ok,1,GlcNAc(b1-2)Man(a1-3)[GlcNAc(b1-2)Man(a1-6)]Man(b1-4)GlcNAc(b1-4)[Fuc(a1-6)]GlcNAc,ok,99,ok,8,record_name;atom_number;atom_name;monosaccharide;chain_id;residue_number;x;y;z;occupancy;temperature_factor;element;IUPAC,residue;monosaccharide;Q;theta;phi;conformation,not_run,0,0,,,,ok,
4C54,ASN297_A,glycoshield,triple_core,triple_core,complex,NGA2F,G89637WE,strict,results/4C54/aligned/ASN297_A/glycan_frame/glycoshield_glycan_ensemble.pdb,True,results/4C54/aligned/ASN297_A/glycan_frame/reference_glycan.pdb,True,30,30,192,8,0.3.4,ok,1,GlcNAc(b1-2)Man(a1-6)[GlcNAc(b1-2)Man(a1-3)]Man(b1-4)GlcNAc(b1-4)[Fuc(a1-6)]GlcNAc,ok,192,ok,8,record_name;atom_number;atom_name;monosaccharide;chain_id;residue_number;x;y;z;occupancy;temperature_factor;element;IUPAC,residue;monosaccharide;Q;theta;phi;conformation,ok,30,0,0.845414,1.733746,1.741726,ok,
4C54,ASN297_A,glycoshape,triple_core,triple_core,complex,NGA2F,G89637WE,strict,results/4C54/aligned/ASN297_A/glycan_frame/glycoshape_glycan_ensemble.pdb,True,results/4C54/aligned/ASN297_A/glycan_frame/reference_glycan.pdb,True,30,30,192,8,0.3.4,ok,1,Fuc(a1-6)[GlcNAc(b1-2)Man(a1-6)[GlcNAc(b1-2)Man(a1-3)]Man(b1-4)GlcNAc(b1-4)]GlcNAc,ok,192,ok,8,record_name;atom_number;atom_name;monosaccharide;chain_id;residue_number;x;y;z;occupancy;temperature_factor;element;IUPAC,residue;monosaccharide;Q;theta;phi;conformation,ok,30,0,1.570307,2.007336,2.296427,ok,
4C54,ASN297_B,reference,triple_core,triple_core,complex,NGA2F,G89637WE,reference_for_selected_site,results/4C54/aligned/ASN297_B/glycan_frame/reference_glycan.pdb,True,results/4C54/aligned/ASN297_B/glycan_frame/reference_glycan.pdb,True,1,1,110,8,0.3.4,ok,1,GlcNAc(b1-2)Man(a1-3)[GlcNAc(b1-2)Man(a1-6)]Man(b1-4)GlcNAc(b1-4)[Fuc(a1-6)]GlcNAc,ok,110,ok,8,record_name;atom_number;atom_name;monosaccharide;chain_id;residue_number;x;y;z;occupancy;temperature_factor;element;IUPAC,residue;monosaccharide;Q;theta;phi;conformation,not_run,0,0,,,,ok,
4C54,ASN297_B,glycoshield,triple_core,triple_core,complex,NGA2F,G89637WE,strict,results/4C54/aligned/ASN297_B/glycan_frame/glycoshield_glycan_ensemble.pdb,True,results/4C54/aligned/ASN297_B/glycan_frame/reference_glycan.pdb,True,30,30,192,8,0.3.4,ok,1,GlcNAc(b1-2)Man(a1-6)[GlcNAc(b1-2)Man(a1-3)]Man(b1-4)GlcNAc(b1-4)[Fuc(a1-6)]GlcNAc,ok,192,ok,8,record_name;atom_number;atom_name;monosaccharide;chain_id;residue_number;x;y;z;occupancy;temperature_factor;element;IUPAC,residue;monosaccharide;Q;theta;phi;conformation,ok,30,0,0.951227,1.726367,1.661906,ok,
4C54,ASN297_B,glycoshape,triple_core,triple_core,complex,NGA2F,G89637WE,strict,results/4C54/aligned/ASN297_B/glycan_frame/glycoshape_glycan_ensemble.pdb,True,results/4C54/aligned/ASN297_B/glycan_frame/reference_glycan.pdb,True,30,30,192,8,0.3.4,ok,1,Fuc(a1-6)[GlcNAc(b1-2)Man(a1-6)[GlcNAc(b1-2)Man(a1-3)]Man(b1-4)GlcNAc(b1-4)]GlcNAc,ok,192,ok,8,record_name;atom_number;atom_name;monosaccharide;chain_id;residue_number;x;y;z;occupancy;temperature_factor;element;IUPAC,residue;monosaccharide;Q;theta;phi;conformation,ok,30,0,1.547541,1.570263,1.583332,ok,
5IW3,ASN320_A,reference,triple_core,triple_core,complex,A2G1,G86102WJ,reference_for_selected_site,results/5IW3/aligned/ASN320_A/glycan_frame/reference_glycan.pdb,True,results/5IW3/aligned/ASN320_A/glycan_frame/reference_glycan.pdb,True,1,1,100,8,0.3.4,ok,1,Gal(b1-4)GlcNAc(b1-2)Man(a1-6)[GlcNAc(b1-2)Man(a1-3)]Man(b1-4)GlcNAc(b1-4)GlcNAc,ok,100,ok,8,record_name;atom_number;atom_name;monosaccharide;chain_id;residue_number;x;y;z;occupancy;temperature_factor;element;IUPAC,residue;monosaccharide;Q;theta;phi;conformation,not_run,0,0,,,,ok,
5IW3,ASN320_A,glycoshield,triple_core,triple_core,complex,A2G1,G86102WJ,strict,results/5IW3/aligned/ASN320_A/glycan_frame/glycoshield_glycan_ensemble.pdb,True,results/5IW3/aligned/ASN320_A/glycan_frame/reference_glycan.pdb,True,30,30,193,8,0.3.4,ok,1,GlcNAc(b1-2)Man(a1-6)[Gal(b1-4)GlcNAc(b1-2)Man(a1-3)]Man(b1-4)GlcNAc(b1-4)GlcNAc,ok,193,ok,8,record_name;atom_number;atom_name;monosaccharide;chain_id;residue_number;x;y;z;occupancy;temperature_factor;element;IUPAC,residue;monosaccharide;Q;theta;phi;conformation,ok,30,0,1.826646,2.58711,2.597276,ok,
5IW3,ASN320_A,glycoshape,triple_core,triple_core,complex,A2G1,G86102WJ,strict,results/5IW3/aligned/ASN320_A/glycan_frame/glycoshape_glycan_ensemble.pdb,True,results/5IW3/aligned/ASN320_A/glycan_frame/reference_glycan.pdb,True,30,30,193,8,0.3.4,ok,1,Gal(b1-4)GlcNAc(b1-2)Man(a1-6)[GlcNAc(b1-2)Man(a1-3)]Man(b1-4)GlcNAc(b1-4)GlcNAc,ok,193,ok,8,record_name;atom_number;atom_name;monosaccharide;chain_id;residue_number;x;y;z;occupancy;temperature_factor;element;IUPAC,residue;monosaccharide;Q;theta;phi;conformation,ok,30,0,2.906672,3.336019,3.398001,ok,
5L2J,ASN57_A,reference,triple_core,triple_core,paucimannose,M3F2,G63699VG,reference_for_selected_site,results/5L2J/aligned/ASN57_A/glycan_frame/reference_glycan.pdb,True,results/5L2J/aligned/ASN57_A/glycan_frame/reference_glycan.pdb,True,1,1,81,7,0.3.4,ok,1,Man(a1-3)[Man(a1-6)]Man(b1-4)GlcNAc(b1-4)[Fuc(a1-3)][Fuc(a1-6)]GlcNAc,ok,81,ok,7,record_name;atom_number;atom_name;monosaccharide;chain_id;residue_number;x;y;z;occupancy;temperature_factor;element;IUPAC,residue;monosaccharide;Q;theta;phi;conformation,not_run,0,0,,,,ok,
5L2J,ASN57_A,glycoshield,triple_core,triple_core,paucimannose,M3F2,G63699VG,strict,results/5L2J/aligned/ASN57_A/glycan_frame/glycoshield_glycan_ensemble.pdb,True,results/5L2J/aligned/ASN57_A/glycan_frame/reference_glycan.pdb,True,30,30,158,7,0.3.4,ok,1,Fuc(a1-3)[Man(a1-3)[Man(a1-6)]Man(b1-4)GlcNAc(b1-4)][Fuc(a1-6)]GlcNAc,ok,158,ok,7,record_name;atom_number;atom_name;monosaccharide;chain_id;residue_number;x;y;z;occupancy;temperature_factor;element;IUPAC,residue;monosaccharide;Q;theta;phi;conformation,ok,30,0,0.93713,1.397993,1.345653,ok,
5L2J,ASN57_A,glycoshape,triple_core,triple_core,paucimannose,M3F2,G63699VG,strict,results/5L2J/aligned/ASN57_A/glycan_frame/glycoshape_glycan_ensemble.pdb,True,results/5L2J/aligned/ASN57_A/glycan_frame/reference_glycan.pdb,True,30,30,158,7,0.3.4,ok,1,Fuc(a1-6)[Man(a1-6)[Man(a1-3)]Man(b1-4)GlcNAc(b1-4)][Fuc(a1-3)]GlcNAc,ok,158,ok,7,record_name;atom_number;atom_name;monosaccharide;chain_id;residue_number;x;y;z;occupancy;temperature_factor;element;IUPAC,residue;monosaccharide;Q;theta;phi;conformation,ok,30,0,1.0514,1.679216,1.915765,ok,
5XWD,ASN328_A,reference,triple_core,triple_core,complex,NGA2,G84678BK,reference_for_selected_site,results/5XWD/aligned/ASN328_A/glycan_frame/reference_glycan.pdb,True,results/5XWD/aligned/ASN328_A/glycan_frame/reference_glycan.pdb,True,1,1,89,7,0.3.4,ok,1,GlcNAc(b1-2)Man(a1-3)[GlcNAc(b1-2)Man(a1-6)]Man(b1-4)GlcNAc(b1-4)GlcNAc,ok,89,ok,7,record_name;atom_number;atom_name;monosaccharide;chain_id;residue_number;x;y;z;occupancy;temperature_factor;element;IUPAC,residue;monosaccharide;Q;theta;phi;conformation,not_run,0,0,,,,ok,
5XWD,ASN328_A,glycoshield,triple_core,triple_core,complex,NGA2,G84678BK,strict,results/5XWD/aligned/ASN328_A/glycan_frame/glycoshield_glycan_ensemble.pdb,True,results/5XWD/aligned/ASN328_A/glycan_frame/reference_glycan.pdb,True,30,30,172,7,0.3.4,ok,1,GlcNAc(b1-2)Man(a1-6)[GlcNAc(b1-2)Man(a1-3)]Man(b1-4)GlcNAc(b1-4)GlcNAc,ok,172,ok,7,record_name;atom_number;atom_name;monosaccharide;chain_id;residue_number;x;y;z;occupancy;temperature_factor;element;IUPAC,residue;monosaccharide;Q;theta;phi;conformation,ok,30,0,1.516345,1.921979,1.893486,ok,
5XWD,ASN328_A,glycoshape,triple_core,triple_core,complex,NGA2,G84678BK,strict,results/5XWD/aligned/ASN328_A/glycan_frame/glycoshape_glycan_ensemble.pdb,True,results/5XWD/aligned/ASN328_A/glycan_frame/reference_glycan.pdb,True,30,30,172,7,0.3.4,ok,1,GlcNAc(b1-2)Man(a1-6)[GlcNAc(b1-2)Man(a1-3)]Man(b1-4)GlcNAc(b1-4)GlcNAc,ok,172,ok,7,record_name;atom_number;atom_name;monosaccharide;chain_id;residue_number;x;y;z;occupancy;temperature_factor;element;IUPAC,residue;monosaccharide;Q;theta;phi;conformation,ok,30,0,2.212043,2.222844,2.218225,ok,
6CMG,ASN529_A,reference,triple_core,triple_core,paucimannose,M2F2,G01111PL,reference_for_selected_site,results/6CMG/aligned/ASN529_A/glycan_frame/reference_glycan.pdb,True,results/6CMG/aligned/ASN529_A/glycan_frame/reference_glycan.pdb,True,1,1,70,6,0.3.4,ok,1,Man(a1-3)Man(b1-4)GlcNAc(b1-4)[Fuc(a1-3)][Fuc(a1-6)]GlcNAc,ok,70,ok,6,record_name;atom_number;atom_name;monosaccharide;chain_id;residue_number;x;y;z;occupancy;temperature_factor;element;IUPAC,residue;monosaccharide;Q;theta;phi;conformation,not_run,0,0,,,,ok,
6CMG,ASN529_A,glycoshield,triple_core,triple_core,paucimannose,M2F2,G01111PL,strict,results/6CMG/aligned/ASN529_A/glycan_frame/glycoshield_glycan_ensemble.pdb,True,results/6CMG/aligned/ASN529_A/glycan_frame/reference_glycan.pdb,True,30,30,137,6,0.3.4,ok,1,Fuc(a1-3)[Man(a1-6)Man(b1-4)GlcNAc(b1-4)][Fuc(a1-6)]GlcNAc,ok,137,ok,6,record_name;atom_number;atom_name;monosaccharide;chain_id;residue_number;x;y;z;occupancy;temperature_factor;element;IUPAC,residue;monosaccharide;Q;theta;phi;conformation,ok,30,0,1.33902,1.602414,1.536177,ok,
6CMG,ASN529_A,glycoshape,triple_core,triple_core,paucimannose,M2F2,G01111PL,strict,results/6CMG/aligned/ASN529_A/glycan_frame/glycoshape_glycan_ensemble.pdb,True,results/6CMG/aligned/ASN529_A/glycan_frame/reference_glycan.pdb,True,30,30,137,6,0.3.4,ok,1,Fuc(a1-6)[Man(a1-3)Man(b1-4)GlcNAc(b1-4)][Fuc(a1-3)]GlcNAc,ok,137,ok,6,record_name;atom_number;atom_name;monosaccharide;chain_id;residue_number;x;y;z;occupancy;temperature_factor;element;IUPAC,residue;monosaccharide;Q;theta;phi;conformation,ok,30,0,1.024629,1.051091,1.024735,ok,
6F9T,ASN109_A,reference,triple_core,triple_core,complex,NGA2F,G89637WE,reference_for_selected_site,results/6F9T/aligned/ASN109_A/glycan_frame/reference_glycan.pdb,True,results/6F9T/aligned/ASN109_A/glycan_frame/reference_glycan.pdb,True,1,1,186,8,0.3.4,ok,1,GlcNAc(b1-2)Man(a1-3)[GlcNAc(b1-2)Man(a1-6)]Man(b1-4)GlcNAc(b1-4)[Fuc(a1-6)]GlcNAc,ok,186,ok,8,record_name;atom_number;atom_name;monosaccharide;chain_id;residue_number;x;y;z;occupancy;temperature_factor;element;IUPAC,residue;monosaccharide;Q;theta;phi;conformation,not_run,0,0,,,,ok,
6F9T,ASN109_A,glycoshield,triple_core,triple_core,complex,NGA2F,G89637WE,strict,results/6F9T/aligned/ASN109_A/glycan_frame/glycoshield_glycan_ensemble.pdb,True,results/6F9T/aligned/ASN109_A/glycan_frame/reference_glycan.pdb,True,30,30,192,8,0.3.4,ok,1,GlcNAc(b1-2)Man(a1-6)[GlcNAc(b1-2)Man(a1-3)]Man(b1-4)GlcNAc(b1-4)[Fuc(a1-6)]GlcNAc,ok,192,ok,8,record_name;atom_number;atom_name;monosaccharide;chain_id;residue_number;x;y;z;occupancy;temperature_factor;element;IUPAC,residue;monosaccharide;Q;theta;phi;conformation,ok,30,0,1.374576,2.036737,2.043667,ok,
6F9T,ASN109_A,glycoshape,triple_core,triple_core,complex,NGA2F,G89637WE,strict,results/6F9T/aligned/ASN109_A/glycan_frame/glycoshape_glycan_ensemble.pdb,True,results/6F9T/aligned/ASN109_A/glycan_frame/reference_glycan.pdb,True,30,30,192,8,0.3.4,ok,1,Fuc(a1-6)[GlcNAc(b1-2)Man(a1-6)[GlcNAc(b1-2)Man(a1-3)]Man(b1-4)GlcNAc(b1-4)]GlcNAc,ok,192,ok,8,record_name;atom_number;atom_name;monosaccharide;chain_id;residue_number;x;y;z;occupancy;temperature_factor;element;IUPAC,residue;monosaccharide;Q;theta;phi;conformation,ok,30,0,1.762188,1.847263,1.791014,ok,
6FB3,ASN2365_A,reference,triple_core,triple_core,high_mannose,Man6,G13113SB,reference_for_selected_site,results/6FB3/aligned/ASN2365_A/glycan_frame/reference_glycan.pdb,True,results/6FB3/aligned/ASN2365_A/glycan_frame/reference_glycan.pdb,True,1,1,94,8,0.3.4,ok,1,Man(a1-2)Man(a1-2)Man(a1-3)[Man(a1-3)Man(a1-6)]Man(b1-4)GlcNAc(b1-4)GlcNAc,ok,94,ok,8,record_name;atom_number;atom_name;monosaccharide;chain_id;residue_number;x;y;z;occupancy;temperature_factor;element;IUPAC,residue;monosaccharide;Q;theta;phi;conformation,not_run,0,0,,,,ok,
6FB3,ASN2365_A,glycoshield,triple_core,triple_core,high_mannose,Man6,G13113SB,exploratory_common_scaffold,results/6FB3/aligned/ASN2365_A/glycan_frame/glycoshield_glycan_ensemble.pdb,True,results/6FB3/aligned/ASN2365_A/glycan_frame/reference_glycan.pdb,True,30,30,181,8,0.3.4,ok,1,Man(a1-6)[Man(a1-3)]Man(a1-6)[Man(a1-2)Man(a1-3)]Man(b1-4)GlcNAc(b1-4)GlcNAc,ok,181,ok,8,record_name;atom_number;atom_name;monosaccharide;chain_id;residue_number;x;y;z;occupancy;temperature_factor;element;IUPAC,residue;monosaccharide;Q;theta;phi;conformation,ok,30,0,1.478942,1.870421,1.891587,ok,
6FB3,ASN2365_A,glycoshape,triple_core,triple_core,high_mannose,Man6,G13113SB,strict,results/6FB3/aligned/ASN2365_A/glycan_frame/glycoshape_glycan_ensemble.pdb,True,results/6FB3/aligned/ASN2365_A/glycan_frame/reference_glycan.pdb,True,30,30,181,8,0.3.4,ok,1,Man(a1-3)Man(a1-6)[Man(a1-2)Man(a1-2)Man(a1-3)]Man(b1-4)GlcNAc(b1-4)GlcNAc,ok,181,ok,8,record_name;atom_number;atom_name;monosaccharide;chain_id;residue_number;x;y;z;occupancy;temperature_factor;element;IUPAC,residue;monosaccharide;Q;theta;phi;conformation,ok,30,0,1.450466,1.736702,1.57235,ok,
6FB3,ASN2365_B,reference,triple_core,triple_core,high_mannose,Man6,G13113SB,reference_for_selected_site,results/6FB3/aligned/ASN2365_B/glycan_frame/reference_glycan.pdb,True,results/6FB3/aligned/ASN2365_B/glycan_frame/reference_glycan.pdb,True,1,1,94,8,0.3.4,ok,1,Man(a1-2)Man(a1-2)Man(a1-3)[Man(a1-3)Man(a1-6)]Man(b1-4)GlcNAc(b1-4)GlcNAc,ok,94,ok,8,record_name;atom_number;atom_name;monosaccharide;chain_id;residue_number;x;y;z;occupancy;temperature_factor;element;IUPAC,residue;monosaccharide;Q;theta;phi;conformation,not_run,0,0,,,,ok,
6FB3,ASN2365_B,glycoshield,triple_core,triple_core,high_mannose,Man6,G13113SB,exploratory_common_scaffold,results/6FB3/aligned/ASN2365_B/glycan_frame/glycoshield_glycan_ensemble.pdb,True,results/6FB3/aligned/ASN2365_B/glycan_frame/reference_glycan.pdb,True,30,30,181,8,0.3.4,ok,1,Man(a1-6)[Man(a1-3)]Man(a1-6)[Man(a1-2)Man(a1-3)]Man(b1-4)GlcNAc(b1-4)GlcNAc,ok,181,ok,8,record_name;atom_number;atom_name;monosaccharide;chain_id;residue_number;x;y;z;occupancy;temperature_factor;element;IUPAC,residue;monosaccharide;Q;theta;phi;conformation,ok,30,0,1.492714,1.862822,1.892336,ok,
6FB3,ASN2365_B,glycoshape,triple_core,triple_core,high_mannose,Man6,G13113SB,strict,results/6FB3/aligned/ASN2365_B/glycan_frame/glycoshape_glycan_ensemble.pdb,True,results/6FB3/aligned/ASN2365_B/glycan_frame/reference_glycan.pdb,True,30,30,181,8,0.3.4,ok,1,Man(a1-3)Man(a1-6)[Man(a1-2)Man(a1-2)Man(a1-3)]Man(b1-4)GlcNAc(b1-4)GlcNAc,ok,181,ok,8,record_name;atom_number;atom_name;monosaccharide;chain_id;residue_number;x;y;z;occupancy;temperature_factor;element;IUPAC,residue;monosaccharide;Q;theta;phi;conformation,ok,30,0,1.577537,1.845709,1.577643,ok,
6FB3,ASN2365_C,reference,triple_core,triple_core,high_mannose,Man6,G13113SB,reference_for_selected_site,results/6FB3/aligned/ASN2365_C/glycan_frame/reference_glycan.pdb,True,results/6FB3/aligned/ASN2365_C/glycan_frame/reference_glycan.pdb,True,1,1,94,8,0.3.4,ok,1,Man(a1-2)Man(a1-2)Man(a1-3)[Man(a1-3)Man(a1-6)]Man(b1-4)GlcNAc(b1-4)GlcNAc,ok,94,ok,8,record_name;atom_number;atom_name;monosaccharide;chain_id;residue_number;x;y;z;occupancy;temperature_factor;element;IUPAC,residue;monosaccharide;Q;theta;phi;conformation,not_run,0,0,,,,ok,
6FB3,ASN2365_C,glycoshield,triple_core,triple_core,high_mannose,Man6,G13113SB,exploratory_common_scaffold,results/6FB3/aligned/ASN2365_C/glycan_frame/glycoshield_glycan_ensemble.pdb,True,results/6FB3/aligned/ASN2365_C/glycan_frame/reference_glycan.pdb,True,30,30,181,8,0.3.4,ok,1,Man(a1-6)[Man(a1-3)]Man(a1-6)[Man(a1-2)Man(a1-3)]Man(b1-4)GlcNAc(b1-4)GlcNAc,ok,181,ok,8,record_name;atom_number;atom_name;monosaccharide;chain_id;residue_number;x;y;z;occupancy;temperature_factor;element;IUPAC,residue;monosaccharide;Q;theta;phi;conformation,ok,30,0,1.505202,1.863377,1.863431,ok,
6FB3,ASN2365_C,glycoshape,triple_core,triple_core,high_mannose,Man6,G13113SB,strict,results/6FB3/aligned/ASN2365_C/glycan_frame/glycoshape_glycan_ensemble.pdb,True,results/6FB3/aligned/ASN2365_C/glycan_frame/reference_glycan.pdb,True,30,30,181,8,0.3.4,ok,1,Man(a1-3)Man(a1-6)[Man(a1-2)Man(a1-2)Man(a1-3)]Man(b1-4)GlcNAc(b1-4)GlcNAc,ok,181,ok,8,record_name;atom_number;atom_name;monosaccharide;chain_id;residue_number;x;y;z;occupancy;temperature_factor;element;IUPAC,residue;monosaccharide;Q;theta;phi;conformation,ok,30,0,1.571277,1.931134,2.205223,ok,
6FB3,ASN2365_D,reference,triple_core,triple_core,high_mannose,Man6,G13113SB,reference_for_selected_site,results/6FB3/aligned/ASN2365_D/glycan_frame/reference_glycan.pdb,True,results/6FB3/aligned/ASN2365_D/glycan_frame/reference_glycan.pdb,True,1,1,94,8,0.3.4,ok,1,Man(a1-2)Man(a1-2)Man(a1-3)[Man(a1-3)Man(a1-6)]Man(b1-4)GlcNAc(b1-4)GlcNAc,ok,94,ok,8,record_name;atom_number;atom_name;monosaccharide;chain_id;residue_number;x;y;z;occupancy;temperature_factor;element;IUPAC,residue;monosaccharide;Q;theta;phi;conformation,not_run,0,0,,,,ok,
6FB3,ASN2365_D,glycoshield,triple_core,triple_core,high_mannose,Man6,G13113SB,exploratory_common_scaffold,results/6FB3/aligned/ASN2365_D/glycan_frame/glycoshield_glycan_ensemble.pdb,True,results/6FB3/aligned/ASN2365_D/glycan_frame/reference_glycan.pdb,True,30,30,181,8,0.3.4,ok,1,Man(a1-6)[Man(a1-3)]Man(a1-6)[Man(a1-2)Man(a1-3)]Man(b1-4)GlcNAc(b1-4)GlcNAc,ok,181,ok,8,record_name;atom_number;atom_name;monosaccharide;chain_id;residue_number;x;y;z;occupancy;temperature_factor;element;IUPAC,residue;monosaccharide;Q;theta;phi;conformation,ok,30,0,1.511133,1.874033,1.852573,ok,
6FB3,ASN2365_D,glycoshape,triple_core,triple_core,high_mannose,Man6,G13113SB,strict,results/6FB3/aligned/ASN2365_D/glycan_frame/glycoshape_glycan_ensemble.pdb,True,results/6FB3/aligned/ASN2365_D/glycan_frame/reference_glycan.pdb,True,30,30,181,8,0.3.4,ok,1,Man(a1-3)Man(a1-6)[Man(a1-2)Man(a1-2)Man(a1-3)]Man(b1-4)GlcNAc(b1-4)GlcNAc,ok,181,ok,8,record_name;atom_number;atom_name;monosaccharide;chain_id;residue_number;x;y;z;occupancy;temperature_factor;element;IUPAC,residue;monosaccharide;Q;theta;phi;conformation,ok,30,0,1.452121,1.813476,1.56599,ok,
6X3X,ASN111_B,reference,triple_core,triple_core,high_mannose,Man8,G48369JO,reference_for_selected_site,results/6X3X/aligned/ASN111_B/glycan_frame/reference_glycan.pdb,True,results/6X3X/aligned/ASN111_B/glycan_frame/reference_glycan.pdb,True,1,1,116,10,0.3.4,ok,1,Man(a1-2)Man(a1-2)Man(a1-3)[Man(a1-2)Man(a1-6)[Man(a1-3)]Man(a1-6)]Man(b1-4)GlcNAc(b1-4)GlcNAc,ok,116,ok,10,record_name;atom_number;atom_name;monosaccharide;chain_id;residue_number;x;y;z;occupancy;temperature_factor;element;IUPAC,residue;monosaccharide;Q;theta;phi;conformation,not_run,0,0,,,,ok,
6X3X,ASN111_B,glycoshield,triple_core,triple_core,high_mannose,Man8,G48369JO,strict,results/6X3X/aligned/ASN111_B/glycan_frame/glycoshield_glycan_ensemble.pdb,True,results/6X3X/aligned/ASN111_B/glycan_frame/reference_glycan.pdb,True,30,30,223,10,0.3.4,ok,1,Man(a1-2)Man(a1-6)[Man(a1-3)]Man(a1-6)[Man(a1-2)Man(a1-2)Man(a1-3)]Man(b1-4)GlcNAc(b1-4)GlcNAc,ok,223,ok,10,record_name;atom_number;atom_name;monosaccharide;chain_id;residue_number;x;y;z;occupancy;temperature_factor;element;IUPAC,residue;monosaccharide;Q;theta;phi;conformation,ok,30,0,1.816685,2.756284,2.812282,ok,
6X3X,ASN111_B,glycoshape,triple_core,triple_core,high_mannose,Man8,G48369JO,strict,results/6X3X/aligned/ASN111_B/glycan_frame/glycoshape_glycan_ensemble.pdb,True,results/6X3X/aligned/ASN111_B/glycan_frame/reference_glycan.pdb,True,30,30,223,10,0.3.4,ok,1,Man(a1-2)Man(a1-2)Man(a1-3)[Man(a1-3)[Man(a1-2)Man(a1-6)]Man(a1-6)]Man(b1-4)GlcNAc(b1-4)GlcNAc,ok,223,ok,10,record_name;atom_number;atom_name;monosaccharide;chain_id;residue_number;x;y;z;occupancy;temperature_factor;element;IUPAC,residue;monosaccharide;Q;theta;phi;conformation,ok,30,0,1.933215,1.951406,1.934488,ok,
