pdb_id,site,scope,analysis_group,glycan_class,glycan_name,glytoucan,tool,tool_available,site_status,tool_status,mapping_status,alignment_quality,n_reference_residues,n_source_residues,n_mapped_residues,mapping_fraction,n_models_input,n_models_aligned,mean_centroid_rmsd,median_centroid_rmsd,min_centroid_rmsd,max_centroid_rmsd,std_centroid_rmsd,recommended_use,qc_note,n_tool_warnings,n_mapping_warnings,tool_warnings,mapping_warnings,report_path
1BHG,ASN173_A,glycoshield_secondary,reference_glycoshield_secondary,high_mannose,Man7,,glycoshield,True,partial,partial,partial,robust_3d,9,9,8,0.8889,30,30,1.972345,1.55421,0.681414,4.361807,1.111022,exploratory_common_scaffold,GlycoShield-only secondary site; partial residue mapping (8/9); RMSD uses common scaffold only; reference branch absent in source; extra source branch not mapped; local subtree differs but common edge/name was usable,1,8,alignment used a partial residue mapping; interpreted as common scaffold only,mapping: subtree mismatch but edge/name match for NAG2_C below NAG1_C; selected BGL634_X | mapping: subtree mismatch but edge/name match for BMA3_C below NAG2_C; selected BMA635_X | mapping: subtree mismatch but edge/name match for MAN8_C below BMA3_C; selected AMA639_X | ... +5 more,results/1BHG/aligned/ASN173_A/glycan_frame/glycan_frame_alignment_report.json
1BHG,ASN173_B,glycoshield_secondary,reference_glycoshield_secondary,high_mannose,Man7,,glycoshield,True,partial,partial,partial,robust_3d,9,9,8,0.8889,30,30,2.474933,2.076733,0.855307,4.733892,1.160646,exploratory_common_scaffold,GlycoShield-only secondary site; partial residue mapping (8/9); RMSD uses common scaffold only; reference branch absent in source; extra source branch not mapped; local subtree differs but common edge/name was usable,1,8,alignment used a partial residue mapping; interpreted as common scaffold only,mapping: subtree mismatch but edge/name match for NAG2_D below NAG1_D; selected BGL634_X | mapping: subtree mismatch but edge/name match for BMA3_D below NAG2_D; selected BMA635_X | mapping: subtree mismatch but edge/name match for MAN8_D below BMA3_D; selected AMA639_X | ... +5 more,results/1BHG/aligned/ASN173_B/glycan_frame/glycan_frame_alignment_report.json
1OYH,ASN192_L,triple_core,triple_core,paucimannose,M3,G00026MO,glycoshield,True,ok,ok,ok,robust_3d,5,5,5,1.0,30,30,1.060626,1.033633,0.561802,2.497615,0.33524,strict,strict triple-core glycan-frame comparison,0,0,,,results/1OYH/aligned/ASN192_L/glycan_frame/glycan_frame_alignment_report.json
1OYH,ASN192_L,triple_core,triple_core,paucimannose,M3,G00026MO,glycoshape,True,ok,ok,ok,robust_3d,5,5,5,1.0,30,30,1.334348,1.126156,1.12611,1.906975,0.345261,strict,strict triple-core glycan-frame comparison,0,0,,,results/1OYH/aligned/ASN192_L/glycan_frame/glycan_frame_alignment_report.json
2J1G,ASN215_B,triple_core,triple_core,paucimannose,M2F_a6,G47829CW,glycoshield,True,ok,ok,ok,robust_3d,5,5,5,1.0,30,30,1.889342,1.835775,1.265418,2.896722,0.39605,strict,strict triple-core glycan-frame comparison,0,0,,,results/2J1G/aligned/ASN215_B/glycan_frame/glycan_frame_alignment_report.json
2J1G,ASN215_B,triple_core,triple_core,paucimannose,M2F_a6,G47829CW,glycoshape,True,ok,ok,ok,robust_3d,5,5,5,1.0,30,30,2.241308,2.142119,1.789643,4.403004,0.561419,strict,strict triple-core glycan-frame comparison,0,0,,,results/2J1G/aligned/ASN215_B/glycan_frame/glycan_frame_alignment_report.json
2PE4,ASN350_A,triple_core,triple_core,paucimannose,M4_a3,G41510DX,glycoshield,True,ok,ok,ok,robust_3d,6,6,6,1.0,30,30,3.795011,3.8541,3.013913,4.293601,0.304298,strict,strict triple-core glycan-frame comparison,0,0,,,results/2PE4/aligned/ASN350_A/glycan_frame/glycan_frame_alignment_report.json
2PE4,ASN350_A,triple_core,triple_core,paucimannose,M4_a3,G41510DX,glycoshape,True,ok,ok,ok,robust_3d,6,6,6,1.0,30,30,3.565137,3.8639,1.159279,4.7863,1.265177,strict,strict triple-core glycan-frame comparison,0,0,,,results/2PE4/aligned/ASN350_A/glycan_frame/glycan_frame_alignment_report.json
2QL1,ASN297_A,triple_core,triple_core,complex,FA2G1,G70059SD,glycoshield,True,ok,ok,ok,robust_3d,9,9,9,1.0,30,30,4.43949,4.433524,3.738382,5.287941,0.376556,strict,strict triple-core glycan-frame comparison,0,4,,mapping: subtree mismatch but edge/name match for NAG2_C below NAG1_C; selected BGL446_X | mapping: subtree mismatch but edge/name match for BMA3_C below NAG2_C; selected BMA447_X | mapping: edge label mismatch but subtree/name match for MAN7_C below BMA3_C; selected AMA448_X | ... +1 more,results/2QL1/aligned/ASN297_A/glycan_frame/glycan_frame_alignment_report.json
2QL1,ASN297_A,triple_core,triple_core,complex,FA2G1,G70059SD,glycoshape,True,ok,ok,ok,robust_3d,9,9,9,1.0,30,30,4.716259,5.320001,3.296665,6.17305,0.959131,strict,strict triple-core glycan-frame comparison,0,0,,,results/2QL1/aligned/ASN297_A/glycan_frame/glycan_frame_alignment_report.json
2QWB,ASN200_A,triple_core,triple_core,high_mannose,Man5,G53401FX,glycoshield,True,partial,partial,partial,robust_3d,7,7,5,0.7143,30,30,1.453373,1.446763,1.021477,2.033336,0.25397,exploratory_common_scaffold,partial residue mapping (5/7); RMSD uses common scaffold only; reference branch absent in source; extra source branch not mapped; local subtree differs but common edge/name was usable,1,7,alignment used a partial residue mapping; interpreted as common scaffold only,mapping: subtree mismatch but edge/name match for NAG2_B below NAG1_B; selected BGL470_X | mapping: subtree mismatch but edge/name match for BMA3_B below NAG2_B; selected BMA471_X | mapping: subtree mismatch but edge/name match for MAN4_B below BMA3_B; selected AMA472_X | ... +4 more,results/2QWB/aligned/ASN200_A/glycan_frame/glycan_frame_alignment_report.json
2QWB,ASN200_A,triple_core,triple_core,high_mannose,Man5,G53401FX,glycoshape,True,partial,ok,ok,robust_3d,7,7,7,1.0,30,30,3.552543,3.886754,2.847166,4.681728,0.667542,strict,strict triple-core glycan-frame comparison,0,0,,,results/2QWB/aligned/ASN200_A/glycan_frame/glycan_frame_alignment_report.json
3AVE,ASN297_A,triple_core,triple_core,complex,NGA2F,G89637WE,glycoshield,True,ok,ok,ok,robust_3d,8,8,8,1.0,30,30,1.897044,1.91162,0.363716,3.766892,0.633259,strict,strict triple-core glycan-frame comparison,0,0,,,results/3AVE/aligned/ASN297_A/glycan_frame/glycan_frame_alignment_report.json
3AVE,ASN297_A,triple_core,triple_core,complex,NGA2F,G89637WE,glycoshape,True,ok,ok,ok,robust_3d,8,8,8,1.0,30,30,2.801649,3.051687,2.297109,3.059148,0.356775,strict,strict triple-core glycan-frame comparison,0,0,,,results/3AVE/aligned/ASN297_A/glycan_frame/glycan_frame_alignment_report.json
3AVE,ASN297_B,triple_core,triple_core,complex,NGA2F,G89637WE,glycoshield,True,ok,ok,ok,robust_3d,8,8,8,1.0,30,30,1.647379,1.65153,0.621089,3.414838,0.654775,strict,strict triple-core glycan-frame comparison,0,0,,,results/3AVE/aligned/ASN297_B/glycan_frame/glycan_frame_alignment_report.json
3AVE,ASN297_B,triple_core,triple_core,complex,NGA2F,G89637WE,glycoshape,True,ok,ok,ok,robust_3d,8,8,8,1.0,30,30,2.906444,2.913977,2.876272,2.91402,0.015086,strict,strict triple-core glycan-frame comparison,0,0,,,results/3AVE/aligned/ASN297_B/glycan_frame/glycan_frame_alignment_report.json
3DGC,ASN172_R,triple_core,triple_core,paucimannose,M2F_a6,G47829CW,glycoshield,True,ok,ok,ok,robust_3d,5,5,5,1.0,30,30,2.302171,2.245056,1.371949,3.242019,0.399981,strict,strict triple-core glycan-frame comparison,0,0,,,results/3DGC/aligned/ASN172_R/glycan_frame/glycan_frame_alignment_report.json
3DGC,ASN172_R,triple_core,triple_core,paucimannose,M2F_a6,G47829CW,glycoshape,True,ok,ok,ok,robust_3d,5,5,5,1.0,30,30,1.415897,1.848196,0.746839,1.848224,0.529945,strict,strict triple-core glycan-frame comparison,0,0,,,results/3DGC/aligned/ASN172_R/glycan_frame/glycan_frame_alignment_report.json
3WSR,THR52_C,glycoshield_secondary,reference_glycoshield_secondary,o_glycan,O-3Sialyl_Core1,,glycoshield,True,partial,partial,partial,fragile_two_centroids,3,3,2,0.6667,30,30,0.082747,0.08106,0.00141,0.157669,0.04155,exploratory_fragile_exclude_strict,"GlycoShield-only secondary site; partial residue mapping (2/3); RMSD uses common scaffold only; reference branch absent in source; extra source branch not mapped; local subtree differs but common edge/name was usable; fragile alignment: only two mapped centroids, so rotation around the inter-centroid axis is underdetermined",2,3,"alignment used only two mapped centroids; translation and main axis are defined, but rotation around that axis is underdetermined | alignment used a partial residue mapping; interpreted as common scaffold only",mapping: subtree mismatch but edge/name match for GAL2_E below A2G1_E; selected BGA57_X | mapping: extra source child not mapped below BGA57_X: ANE58_X | mapping: no source child found for SIA3_E below A2G1_E with edge O6 and class Sia,results/3WSR/aligned/THR52_C/glycan_frame/glycan_frame_alignment_report.json
3WSR,THR52_D,glycoshield_secondary,reference_glycoshield_secondary,o_glycan,O-3Sialyl_Core1,,glycoshield,True,partial,partial,partial,fragile_two_centroids,3,3,2,0.6667,30,30,0.057247,0.052025,0.001452,0.170094,0.041396,exploratory_fragile_exclude_strict,"GlycoShield-only secondary site; partial residue mapping (2/3); RMSD uses common scaffold only; reference branch absent in source; extra source branch not mapped; local subtree differs but common edge/name was usable; fragile alignment: only two mapped centroids, so rotation around the inter-centroid axis is underdetermined",2,3,"alignment used only two mapped centroids; translation and main axis are defined, but rotation around that axis is underdetermined | alignment used a partial residue mapping; interpreted as common scaffold only",mapping: subtree mismatch but edge/name match for GAL2_F below A2G1_F; selected BGA57_X | mapping: extra source child not mapped below BGA57_X: ANE58_X | mapping: no source child found for SIA3_F below A2G1_F with edge O6 and class Sia,results/3WSR/aligned/THR52_D/glycan_frame/glycan_frame_alignment_report.json
3WV0,THR53_X,glycoshield_secondary,reference_glycoshield_secondary,o_glycan,Sialyl-Tn_Antigen,,glycoshield,True,partial,fragile,ok,fragile_two_centroids,2,2,2,1.0,30,30,0.216475,0.21001,0.000301,0.430107,0.103209,exploratory_fragile_exclude_strict,"GlycoShield-only secondary site; fragile alignment: only two mapped centroids, so rotation around the inter-centroid axis is underdetermined",1,0,"alignment used only two mapped centroids; translation and main axis are defined, but rotation around that axis is underdetermined",,results/3WV0/aligned/THR53_X/glycan_frame/glycan_frame_alignment_report.json
3WV0,THR53_Y,glycoshield_secondary,reference_glycoshield_secondary,o_glycan,Sialyl-Tn_Antigen,,glycoshield,True,partial,fragile,ok,fragile_two_centroids,2,2,2,1.0,30,30,0.205615,0.206977,0.015526,0.415517,0.097945,exploratory_fragile_exclude_strict,"GlycoShield-only secondary site; fragile alignment: only two mapped centroids, so rotation around the inter-centroid axis is underdetermined",1,0,"alignment used only two mapped centroids; translation and main axis are defined, but rotation around that axis is underdetermined",,results/3WV0/aligned/THR53_Y/glycan_frame/glycan_frame_alignment_report.json
4B7I,ASN297_A,triple_core,triple_core,high_mannose,Man5_Fuc1,G26629TM,glycoshield,True,ok,ok,ok,robust_3d,8,8,8,1.0,30,30,2.398997,2.492179,1.403741,3.382648,0.533339,strict,strict triple-core glycan-frame comparison,0,0,,,results/4B7I/aligned/ASN297_A/glycan_frame/glycan_frame_alignment_report.json
4B7I,ASN297_A,triple_core,triple_core,high_mannose,Man5_Fuc1,G26629TM,glycoshape,True,ok,ok,ok,robust_3d,8,8,8,1.0,30,30,2.875025,2.800554,2.800516,3.048838,0.11376,strict,strict triple-core glycan-frame comparison,0,0,,,results/4B7I/aligned/ASN297_A/glycan_frame/glycan_frame_alignment_report.json
4C54,ASN297_A,triple_core,triple_core,complex,NGA2F,G89637WE,glycoshield,True,ok,ok,ok,robust_3d,8,8,8,1.0,30,30,1.828587,1.796556,0.474903,3.680133,0.629949,strict,strict triple-core glycan-frame comparison,0,0,,,results/4C54/aligned/ASN297_A/glycan_frame/glycan_frame_alignment_report.json
4C54,ASN297_A,triple_core,triple_core,complex,NGA2F,G89637WE,glycoshape,True,ok,ok,ok,robust_3d,8,8,8,1.0,30,30,3.687552,4.190309,2.932025,4.190309,0.615749,strict,strict triple-core glycan-frame comparison,0,0,,,results/4C54/aligned/ASN297_A/glycan_frame/glycan_frame_alignment_report.json
4C54,ASN297_B,triple_core,triple_core,complex,NGA2F,G89637WE,glycoshield,True,ok,ok,ok,robust_3d,8,8,8,1.0,30,30,1.832456,1.739041,0.552648,3.735457,0.649609,strict,strict triple-core glycan-frame comparison,0,0,,,results/4C54/aligned/ASN297_B/glycan_frame/glycan_frame_alignment_report.json
4C54,ASN297_B,triple_core,triple_core,complex,NGA2F,G89637WE,glycoshape,True,ok,ok,ok,robust_3d,8,8,8,1.0,30,30,2.966248,2.968737,2.961863,2.968804,0.003308,strict,strict triple-core glycan-frame comparison,0,0,,,results/4C54/aligned/ASN297_B/glycan_frame/glycan_frame_alignment_report.json
5IW3,ASN320_A,triple_core,triple_core,complex,A2G1,G86102WJ,glycoshield,True,ok,ok,ok,robust_3d,8,8,8,1.0,30,30,3.569913,3.552977,2.496347,4.541606,0.411763,strict,strict triple-core glycan-frame comparison,0,4,,mapping: subtree mismatch but edge/name match for NAG2_B below NAG1_B; selected BGL468_X | mapping: subtree mismatch but edge/name match for BMA3_B below NAG2_B; selected BMA469_X | mapping: edge label mismatch but subtree/name match for MAN7_B below BMA3_B; selected AMA470_X | ... +1 more,results/5IW3/aligned/ASN320_A/glycan_frame/glycan_frame_alignment_report.json
5IW3,ASN320_A,triple_core,triple_core,complex,A2G1,G86102WJ,glycoshape,True,ok,ok,ok,robust_3d,8,8,8,1.0,30,30,5.280726,5.437947,3.909732,5.438036,0.457291,strict,strict triple-core glycan-frame comparison,0,0,,,results/5IW3/aligned/ASN320_A/glycan_frame/glycan_frame_alignment_report.json
5L2J,ASN57_A,triple_core,triple_core,paucimannose,M3F2,G63699VG,glycoshield,True,ok,ok,ok,robust_3d,7,7,7,1.0,30,30,1.544942,1.370813,0.668672,5.017272,0.834061,strict,strict triple-core glycan-frame comparison,0,0,,,results/5L2J/aligned/ASN57_A/glycan_frame/glycan_frame_alignment_report.json
5L2J,ASN57_A,triple_core,triple_core,paucimannose,M3F2,G63699VG,glycoshape,True,ok,ok,ok,robust_3d,7,7,7,1.0,30,30,2.140706,2.852892,0.901985,4.491929,1.224913,strict,strict triple-core glycan-frame comparison,0,0,,,results/5L2J/aligned/ASN57_A/glycan_frame/glycan_frame_alignment_report.json
5XWD,ASN328_A,triple_core,triple_core,complex,NGA2,G84678BK,glycoshield,True,ok,ok,ok,robust_3d,7,7,7,1.0,30,30,2.023027,1.863537,1.407724,3.233174,0.466682,strict,strict triple-core glycan-frame comparison,0,0,,,results/5XWD/aligned/ASN328_A/glycan_frame/glycan_frame_alignment_report.json
5XWD,ASN328_A,triple_core,triple_core,complex,NGA2,G84678BK,glycoshape,True,ok,ok,ok,robust_3d,7,7,7,1.0,30,30,2.319848,2.323195,2.272676,2.323289,0.012607,strict,strict triple-core glycan-frame comparison,0,0,,,results/5XWD/aligned/ASN328_A/glycan_frame/glycan_frame_alignment_report.json
6CMG,ASN529_A,triple_core,triple_core,paucimannose,M2F2,G01111PL,glycoshield,True,ok,ok,ok,robust_3d,6,6,6,1.0,30,30,2.413619,2.456475,1.601767,3.351287,0.328996,strict,strict triple-core glycan-frame comparison,0,3,,mapping: subtree mismatch but edge/name match for NAG2_G below NAG1_G; selected BGL606_X | mapping: subtree mismatch but edge/name match for BMA3_G below NAG2_G; selected BMA607_X | mapping: edge label mismatch but subtree/name match for MAN4_G below BMA3_G; selected AMA608_X,results/6CMG/aligned/ASN529_A/glycan_frame/glycan_frame_alignment_report.json
6CMG,ASN529_A,triple_core,triple_core,paucimannose,M2F2,G01111PL,glycoshape,True,ok,ok,ok,robust_3d,6,6,6,1.0,30,30,0.574191,0.529501,0.529445,0.976482,0.134084,strict,strict triple-core glycan-frame comparison,0,0,,,results/6CMG/aligned/ASN529_A/glycan_frame/glycan_frame_alignment_report.json
6F9T,ASN109_A,triple_core,triple_core,complex,NGA2F,G89637WE,glycoshield,True,ok,ok,ok,robust_3d,8,8,8,1.0,30,30,2.41709,2.354786,1.547481,3.494078,0.466985,strict,strict triple-core glycan-frame comparison,0,0,,,results/6F9T/aligned/ASN109_A/glycan_frame/glycan_frame_alignment_report.json
6F9T,ASN109_A,triple_core,triple_core,complex,NGA2F,G89637WE,glycoshape,True,ok,ok,ok,robust_3d,8,8,8,1.0,30,30,2.282739,2.221377,2.190471,2.657512,0.168165,strict,strict triple-core glycan-frame comparison,0,0,,,results/6F9T/aligned/ASN109_A/glycan_frame/glycan_frame_alignment_report.json
6FB3,ASN2365_A,triple_core,triple_core,high_mannose,Man6,G13113SB,glycoshield,True,partial,partial,partial,robust_3d,8,8,7,0.875,30,30,1.297974,1.241627,0.772411,2.51865,0.382815,exploratory_common_scaffold,partial residue mapping (7/8); RMSD uses common scaffold only; reference branch absent in source; extra source branch not mapped; local subtree differs but common edge/name was usable,1,7,alignment used a partial residue mapping; interpreted as common scaffold only,mapping: subtree mismatch but edge/name match for NAG2_E below NAG1_E; selected BGL2800_X | mapping: subtree mismatch but edge/name match for BMA3_E below NAG2_E; selected BMA2801_X | mapping: subtree mismatch but edge/name match for MAN4_E below BMA3_E; selected AMA2805_X | ... +4 more,results/6FB3/aligned/ASN2365_A/glycan_frame/glycan_frame_alignment_report.json
6FB3,ASN2365_A,triple_core,triple_core,high_mannose,Man6,G13113SB,glycoshape,True,partial,ok,ok,robust_3d,8,8,8,1.0,30,30,2.302338,1.638219,1.544117,4.162291,1.053969,strict,strict triple-core glycan-frame comparison,0,0,,,results/6FB3/aligned/ASN2365_A/glycan_frame/glycan_frame_alignment_report.json
6FB3,ASN2365_B,triple_core,triple_core,high_mannose,Man6,G13113SB,glycoshield,True,partial,partial,partial,robust_3d,8,8,7,0.875,30,30,1.291831,1.28248,0.794538,2.058066,0.329034,exploratory_common_scaffold,partial residue mapping (7/8); RMSD uses common scaffold only; reference branch absent in source; extra source branch not mapped; local subtree differs but common edge/name was usable,1,7,alignment used a partial residue mapping; interpreted as common scaffold only,mapping: subtree mismatch but edge/name match for NAG2_K below NAG1_K; selected BGL2800_X | mapping: subtree mismatch but edge/name match for BMA3_K below NAG2_K; selected BMA2801_X | mapping: subtree mismatch but edge/name match for MAN4_K below BMA3_K; selected AMA2805_X | ... +4 more,results/6FB3/aligned/ASN2365_B/glycan_frame/glycan_frame_alignment_report.json
6FB3,ASN2365_B,triple_core,triple_core,high_mannose,Man6,G13113SB,glycoshape,True,partial,ok,ok,robust_3d,8,8,8,1.0,30,30,2.578325,1.660875,1.660819,3.778143,1.049175,strict,strict triple-core glycan-frame comparison,0,0,,,results/6FB3/aligned/ASN2365_B/glycan_frame/glycan_frame_alignment_report.json
6FB3,ASN2365_C,triple_core,triple_core,high_mannose,Man6,G13113SB,glycoshield,True,partial,partial,partial,robust_3d,8,8,7,0.875,30,30,1.285861,1.259379,0.796742,2.06168,0.331549,exploratory_common_scaffold,partial residue mapping (7/8); RMSD uses common scaffold only; reference branch absent in source; extra source branch not mapped; local subtree differs but common edge/name was usable,1,7,alignment used a partial residue mapping; interpreted as common scaffold only,mapping: subtree mismatch but edge/name match for NAG2_Q below NAG1_Q; selected BGL2800_X | mapping: subtree mismatch but edge/name match for BMA3_Q below NAG2_Q; selected BMA2801_X | mapping: subtree mismatch but edge/name match for MAN4_Q below BMA3_Q; selected AMA2805_X | ... +4 more,results/6FB3/aligned/ASN2365_C/glycan_frame/glycan_frame_alignment_report.json
6FB3,ASN2365_C,triple_core,triple_core,high_mannose,Man6,G13113SB,glycoshape,True,partial,ok,ok,robust_3d,8,8,8,1.0,30,30,2.866416,3.785965,1.663781,3.786065,1.051614,strict,strict triple-core glycan-frame comparison,0,0,,,results/6FB3/aligned/ASN2365_C/glycan_frame/glycan_frame_alignment_report.json
6FB3,ASN2365_D,triple_core,triple_core,high_mannose,Man6,G13113SB,glycoshield,True,partial,partial,partial,robust_3d,8,8,7,0.875,30,30,1.259199,1.244212,0.57053,2.522968,0.383116,exploratory_common_scaffold,partial residue mapping (7/8); RMSD uses common scaffold only; reference branch absent in source; extra source branch not mapped; local subtree differs but common edge/name was usable,1,7,alignment used a partial residue mapping; interpreted as common scaffold only,mapping: subtree mismatch but edge/name match for NAG2_W below NAG1_W; selected BGL2800_X | mapping: subtree mismatch but edge/name match for BMA3_W below NAG2_W; selected BMA2801_X | mapping: subtree mismatch but edge/name match for MAN4_W below BMA3_W; selected AMA2805_X | ... +4 more,results/6FB3/aligned/ASN2365_D/glycan_frame/glycan_frame_alignment_report.json
6FB3,ASN2365_D,triple_core,triple_core,high_mannose,Man6,G13113SB,glycoshape,True,partial,ok,ok,robust_3d,8,8,8,1.0,30,30,2.595403,1.637455,1.575229,4.149196,1.123205,strict,strict triple-core glycan-frame comparison,0,0,,,results/6FB3/aligned/ASN2365_D/glycan_frame/glycan_frame_alignment_report.json
6X3X,ASN111_B,triple_core,triple_core,high_mannose,Man8,G48369JO,glycoshield,True,ok,ok,ok,robust_3d,10,10,10,1.0,30,30,4.50763,4.452101,2.528948,5.805526,0.921453,strict,strict triple-core glycan-frame comparison,0,0,,,results/6X3X/aligned/ASN111_B/glycan_frame/glycan_frame_alignment_report.json
6X3X,ASN111_B,triple_core,triple_core,high_mannose,Man8,G48369JO,glycoshape,True,ok,ok,ok,robust_3d,10,10,10,1.0,30,30,6.590783,6.604449,6.194441,6.604503,0.073599,strict,strict triple-core glycan-frame comparison,0,0,,,results/6X3X/aligned/ASN111_B/glycan_frame/glycan_frame_alignment_report.json
6Z2P,THR8_C,triple_core,triple_core,o_glycan,O-Core1,G00032MO,glycoshield,True,partial,fragile,ok,fragile_two_centroids,2,2,2,1.0,30,30,0.137015,0.14017,0.042434,0.25151,0.058736,exploratory_fragile_exclude_strict,"fragile alignment: only two mapped centroids, so rotation around the inter-centroid axis is underdetermined",1,0,"alignment used only two mapped centroids; translation and main axis are defined, but rotation around that axis is underdetermined",,results/6Z2P/aligned/THR8_C/glycan_frame/glycan_frame_alignment_report.json
6Z2P,THR8_C,triple_core,triple_core,o_glycan,O-Core1,G00032MO,glycoshape,True,partial,fragile,ok,fragile_two_centroids,2,2,2,1.0,30,30,0.073856,0.073857,0.073749,0.07394,4.5e-05,exploratory_fragile_exclude_strict,"fragile alignment: only two mapped centroids, so rotation around the inter-centroid axis is underdetermined",1,0,"alignment used only two mapped centroids; translation and main axis are defined, but rotation around that axis is underdetermined",,results/6Z2P/aligned/THR8_C/glycan_frame/glycan_frame_alignment_report.json
