pdb_id,site,manifest_status,glycan_class,glycan_name,glytoucan,reference_present,glycoshield_present,glycoshape_present,comparison_status,reference_n_residues,glycoshield_n_residues,glycoshape_n_residues,glycoshield_n_models,glycoshape_n_models,reference_n_atoms,glycoshield_n_atoms_per_model,glycoshape_n_atoms_per_model,glycoshield_anchor_distance,glycoshape_anchor_distance,residue_count_ref_vs_glycoshield,residue_count_ref_vs_glycoshape,note
1BHG,ASN173_A,shield_only,high_mannose,Man7,,True,True,False,reference_glycoshield,9,9,,30,,105,202,,1.909,,True,,
1BHG,ASN173_B,shield_only,high_mannose,Man7,,True,True,False,reference_glycoshield,9,9,,30,,105,202,,3.996,,True,,
1OYH,ASN192_L,triple,paucimannose,M3,G00026MO,True,True,True,triple,5,5,5,30,30,61,118,118,3.544,1.405,True,True,
2J1G,ASN215_B,triple,paucimannose,M2F_a6,G47829CW,True,True,True,triple,5,5,5,30,30,60,117,117,3.086,1.434,True,True,
2PE4,ASN350_A,triple,paucimannose,M4_a3,G41510DX,True,True,True,triple,6,6,6,30,30,72,139,139,6.563,1.476,True,True,
2QL1,ASN297_A,triple,complex,FA2G1,G70059SD,True,True,True,triple,9,9,9,30,30,110,213,213,3.216,1.39,True,True,
2QWB,ASN200_A,triple,high_mannose,Man5,G53401FX,True,True,True,triple,7,7,7,30,30,83,160,160,3.082,1.446,True,True,
3AVE,ASN297_A,triple,complex,NGA2F,G89637WE,True,True,True,triple,8,8,8,30,30,99,192,192,3.172,1.423,True,True,
3AVE,ASN297_B,triple,complex,NGA2F,G89637WE,True,True,True,triple,8,8,8,30,30,99,192,192,3.472,1.423,True,True,
3AYA,THR251_A,exclu,o_glycan,O-Core1,,False,False,False,missing_reference,,,,,,,,,,,,,
3AYA,THR251_B,exclu,o_glycan,O-Core1,,False,False,False,missing_reference,,,,,,,,,,,,,
3DGC,ASN172_R,triple,paucimannose,M2F_a6,G47829CW,True,True,True,triple,5,5,5,30,30,60,117,117,2.165,1.434,True,True,
3WSR,THR52_C,shield_only,o_glycan,O-3Sialyl_Core1,,True,True,False,reference_glycoshield,3,3,,30,,45,85,,5.597,,True,,
3WSR,THR52_D,shield_only,o_glycan,O-3Sialyl_Core1,,True,True,False,reference_glycoshield,3,3,,30,,45,85,,1.443,,True,,
3WV0,THR53_X,shield_only,o_glycan,Sialyl-Tn_Antigen,,True,True,False,reference_glycoshield,2,2,,30,,34,64,,1.343,,True,,
3WV0,THR53_Y,shield_only,o_glycan,Sialyl-Tn_Antigen,,True,True,False,reference_glycoshield,2,2,,30,,34,64,,1.418,,True,,
4B7I,ASN297_A,triple,high_mannose,Man5_Fuc1,G26629TM,True,True,True,triple,8,8,8,30,30,93,180,180,2.762,1.413,True,True,
4C54,ASN297_A,triple,complex,NGA2F,G89637WE,True,True,True,triple,8,8,8,30,30,99,192,192,3.023,1.422,True,True,
4C54,ASN297_B,triple,complex,NGA2F,G89637WE,True,True,True,triple,8,8,8,30,30,110,192,192,3.57,1.423,True,True,
5A58,SER2435_A,exclu,o_glycan,O-Core1,,False,False,False,missing_reference,,,,,,,,,,,,,
5IW3,ASN320_A,triple,complex,A2G1,G86102WJ,True,True,True,triple,8,8,8,30,30,100,193,193,3.969,1.421,True,True,
5L2J,ASN57_A,triple,paucimannose,M3F2,G63699VG,True,True,True,triple,7,7,7,30,30,81,158,158,4.865,1.424,True,True,
5XWD,ASN328_A,triple,complex,NGA2,G84678BK,True,True,True,triple,7,7,7,30,30,89,172,172,2.531,1.395,True,True,
6CMG,ASN529_A,triple,paucimannose,M2F2,G01111PL,True,True,True,triple,6,6,6,30,30,70,137,137,1.35,1.403,True,True,
6F9T,ASN109_A,triple,complex,NGA2F,G89637WE,True,True,True,triple,8,8,8,30,30,186,192,192,2.151,1.424,True,True,
6FB3,ASN2365_A,triple,high_mannose,Man6,G13113SB,True,True,True,triple,8,8,8,30,30,94,181,181,1.999,1.443,True,True,
6FB3,ASN2365_B,triple,high_mannose,Man6,G13113SB,True,True,True,triple,8,8,8,30,30,94,181,181,1.99,1.443,True,True,
6FB3,ASN2365_C,triple,high_mannose,Man6,G13113SB,True,True,True,triple,8,8,8,30,30,94,181,181,1.979,1.443,True,True,
6FB3,ASN2365_D,triple,high_mannose,Man6,G13113SB,True,True,True,triple,8,8,8,30,30,94,181,181,1.988,1.444,True,True,
6WXU,ASN109_B,shield_only,high_mannose,Man9,,True,False,False,reference_only,11,,,,,127,,,,,,,GlycoShield missing
6WXU,ASN109_D,shield_only,high_mannose,Man9,,True,True,False,reference_glycoshield,11,8,,1,,127,181,,2.078,,False,,GlycoShield has only 1 model
6X3X,ASN111_B,triple,high_mannose,Man8,G48369JO,True,True,True,triple,10,10,10,30,30,116,223,223,3.49,1.396,True,True,
6Z2P,THR8_C,triple,o_glycan,O-Core1,G00032MO,True,True,True,triple,2,2,2,30,30,25,49,49,1.916,1.417,True,True,
